geoid,total_count,total_tested,race_White_count,race_White_tested,race_Asian_count,race_Asian_tested,race_Black_count,race_Black_tested,race_Hispanic_count,race_Hispanic_tested,race_NH/PI*_count,race_NH/PI*_tested,race_AI/AN**_count,race_AI/AN**_tested,race_unkown_count,race_unkown_tested,race_other_count,race_other_tested,age_<20_count,age_<20_tested,age_20-29_count,age_20-29_tested,age_30-39_count,age_30-39_tested,age_40-49_count,age_40-49_tested,age_50-59_count,age_50-59_tested,age_60-69_count,age_60-69_tested,age_70-79_count,age_70-79_tested,age_80+_count,age_80+_tested,age_Unknown_count,age_Unknown_tested,gender_male_count,gender_male_tested,gender_female_count,gender_female_tested,gender_unkown_count,gender_unkown_tested
1760002,123,1743,0,0,13,162,19,243,24,214,25,274,21,338,16,286,0,143,0,80,55,981,8,29,25,557,0,69,0,28,28,75,0,0,0,0,65,712,58,976,0,55
1760004,388,8625,0,143,33,578,60,925,55,1006,57,1026,61,1160,42,1157,26,812,50,1818,119,2639,9,150,152,5196,20,190,17,133,70,307,0,7,0,0,167,3154,193,4297,28,1174
1760005,237,4252,0,0,14,301,38,454,39,518,41,529,34,604,26,606,19,498,26,738,64,705,13,44,88,3229,9,76,10,49,52,143,0,0,0,0,106,1644,131,2168,0,440
1760007,380,3822,0,7,17,180,38,465,36,459,49,452,52,595,52,679,54,423,82,562,124,535,0,16,162,3045,15,58,12,41,59,125,0,0,0,0,175,1571,202,2149,0,102
1760008,361,4281,0,0,28,315,40,546,68,579,80,597,66,663,50,719,20,481,9,376,59,772,0,18,128,3010,11,81,6,57,152,339,0,0,0,0,192,1881,166,2295,0,105
1760010,190,3858,0,0,21,356,28,439,25,348,14,477,37,693,25,625,15,460,25,458,90,1314,0,16,76,2340,0,63,8,70,9,47,0,0,0,0,99,1599,90,2200,0,59
1760012,93,889,0,0,0,61,7,100,0,78,6,85,15,158,0,148,12,113,43,146,68,453,0,0,12,387,0,15,0,10,8,17,0,0,0,0,40,366,52,515,0,8
1760013,132,1740,0,0,13,145,23,232,22,232,18,245,28,314,21,334,0,146,0,92,73,866,0,7,11,767,0,14,0,9,45,74,0,0,0,0,59,758,73,961,0,21
1760014,344,4179,0,0,33,311,43,514,60,613,55,584,51,718,41,635,25,388,36,415,200,1928,11,42,16,1878,0,60,10,33,104,230,0,0,0,0,146,1680,196,2381,0,118
1760015,204,3093,0,0,12,314,20,408,17,335,28,390,32,487,20,465,31,377,44,316,140,1571,6,16,24,1248,13,151,10,54,10,49,0,0,0,0,83,1350,119,1653,0,90
1760016,1162,8630,0,13,63,370,189,1269,168,1325,177,1233,214,1552,188,1393,74,773,88,702,258,1943,53,191,321,4596,114,530,185,668,216,612,7,51,8,39,558,3498,576,4582,28,550
1760018,700,4952,0,7,41,283,122,721,106,725,125,686,112,807,74,674,40,443,80,606,121,1079,13,60,246,2682,27,183,28,154,261,761,0,23,0,10,330,2005,353,2618,17,329
1760020,47,1069,0,0,0,58,0,119,11,142,11,162,9,176,8,171,0,125,0,115,19,614,0,27,14,317,0,26,0,14,8,68,0,0,0,0,19,449,27,606,0,14
1760021,23,365,0,0,0,32,6,52,0,59,0,41,8,60,0,61,0,35,0,25,18,179,0,0,0,170,0,0,0,0,0,10,0,0,0,0,7,162,16,198,0,0
1760022,34,831,0,0,6,129,8,106,0,57,0,106,9,137,0,148,0,105,0,43,24,491,0,0,0,268,0,43,0,12,0,11,0,0,0,0,19,370,15,448,0,13
1760025,413,4959,0,0,23,367,54,629,44,561,88,758,80,836,51,826,29,487,44,492,177,2001,7,56,78,2059,46,359,47,261,54,186,0,16,0,21,198,1846,191,2567,24,546
1760026,167,2939,0,13,0,176,13,292,17,334,20,410,25,420,13,430,21,277,53,587,74,744,0,23,35,1839,16,124,24,106,13,88,0,10,0,0,52,651,101,1011,14,1277
1760029,8,96,0,0,0,6,0,21,0,18,0,14,0,20,0,14,0,0,0,0,0,27,0,0,0,57,0,10,0,0,0,0,0,0,0,0,6,57,0,38,0,0
1760030,223,3704,0,0,25,394,54,499,27,466,30,476,36,690,29,547,12,362,10,270,103,2204,13,113,24,782,12,178,8,85,61,332,0,0,0,0,106,1613,110,1994,7,97
1760031,381,4528,0,0,36,389,76,688,62,636,52,617,69,914,40,753,18,321,28,207,122,2056,49,374,43,1016,22,265,26,217,115,585,0,9,0,6,169,1890,208,2469,0,169
1760033,233,1527,0,0,35,244,38,289,43,231,54,271,36,190,15,156,7,104,0,42,33,379,0,0,7,626,0,24,0,0,188,489,0,0,0,0,110,644,123,857,0,26
1760035,297,4625,0,0,15,383,51,606,47,535,45,616,46,750,26,670,28,574,39,488,145,2256,14,40,41,1884,21,150,8,43,65,248,0,0,0,0,149,2007,146,2540,0,78
1760040,182,974,0,0,12,90,12,109,26,130,29,164,28,150,17,105,23,100,35,123,65,195,0,23,15,407,0,25,0,9,95,313,0,0,0,0,80,389,96,524,6,61
1760041,55,872,0,0,0,61,11,133,10,121,8,97,11,165,7,156,0,93,0,45,25,528,0,10,8,200,0,34,0,0,17,98,0,0,0,0,26,359,29,483,0,30
1760042,54,663,0,0,0,52,14,102,10,88,10,119,9,95,0,124,0,53,0,30,17,293,0,0,8,267,0,20,0,10,26,67,0,0,0,0,24,259,30,397,0,7
1760043,19,298,0,0,0,39,0,39,0,33,0,39,9,91,0,29,0,15,0,12,15,156,0,0,0,116,0,19,0,0,0,0,0,0,0,0,9,149,10,144,0,0
1760044,116,1466,0,0,6,123,9,163,13,143,8,164,12,225,11,251,15,185,42,212,63,785,10,32,9,439,7,86,15,44,12,76,0,0,0,0,47,601,69,833,0,32
1760045,138,2609,0,0,7,216,26,281,9,165,22,238,31,393,22,405,9,351,12,556,99,1803,0,21,20,557,7,142,6,45,0,36,0,0,0,0,74,1123,63,1428,0,58
1760046,238,3036,0,0,29,301,34,429,36,429,31,478,50,513,29,435,8,220,21,227,104,1717,14,94,31,744,11,146,10,71,66,252,0,0,0,7,119,1246,118,1692,0,98
1760047,500,5182,0,0,43,410,31,544,32,529,50,591,61,837,59,694,74,610,150,963,313,1769,0,25,123,3035,8,88,9,124,44,137,0,0,0,0,221,1976,277,3133,0,73
1760048,181,2810,0,0,10,257,16,319,13,281,29,313,15,454,21,488,22,327,55,370,131,1632,8,39,19,857,7,123,0,73,12,83,0,0,0,0,80,1282,98,1489,0,39
1760050,243,3025,0,0,12,208,24,317,27,430,47,396,41,472,38,459,29,389,25,354,132,1651,0,26,12,1033,0,37,10,34,83,233,0,0,0,7,124,1223,119,1751,0,51
1760051,140,2039,0,0,8,133,23,266,14,268,26,264,34,418,22,322,8,220,0,148,92,1253,0,21,0,633,0,32,0,7,36,88,0,0,0,0,66,861,73,1147,0,31
1760053,334,3275,0,0,11,147,35,374,56,526,45,406,56,488,70,506,30,415,31,408,91,828,15,46,81,1557,39,305,73,386,26,99,0,43,0,11,167,1342,167,1847,0,86
1760056,679,6306,0,0,41,472,108,887,139,972,153,1016,123,1061,66,970,27,553,22,371,134,1452,15,67,203,3759,42,260,54,275,224,444,0,34,0,15,334,2729,337,3444,8,133
1760060,479,3559,0,0,48,319,101,612,62,504,91,535,104,587,59,564,6,292,8,144,93,1376,7,47,62,1001,31,201,20,127,264,793,0,0,0,9,243,1551,233,1908,0,100
1760061,188,2672,0,0,12,221,37,372,29,298,32,379,31,358,20,348,9,236,18,455,72,967,6,31,22,1153,9,125,19,166,58,215,0,9,0,6,93,1002,95,1550,0,120
1760062,360,6594,0,17,14,376,38,650,28,671,43,808,60,1063,57,1003,42,806,78,1200,178,2556,6,72,87,3210,33,273,30,254,23,197,0,22,0,10,165,2439,187,3537,8,618
1760064,672,2369,0,6,110,341,182,495,91,343,94,362,87,364,69,291,24,112,15,55,126,305,138,590,57,553,22,92,21,26,305,802,0,0,0,0,383,1014,280,1246,9,109
1760067,273,5549,0,9,26,351,47,693,40,679,36,670,43,968,31,883,21,605,29,691,110,1411,9,44,91,3568,14,74,8,180,36,261,0,7,0,0,107,1972,158,3151,8,426
1760068,349,4763,0,0,16,322,50,602,37,603,33,583,50,819,48,713,24,513,91,604,207,1831,0,22,79,2444,18,207,21,130,19,120,0,7,0,0,147,1996,193,2709,9,58
1760069,101,2149,0,0,0,110,14,250,8,201,7,249,15,293,10,240,16,248,30,556,63,539,0,68,21,1248,0,52,0,104,6,133,0,0,0,0,41,721,60,1331,0,97
1760070,282,2192,0,0,25,179,39,312,55,308,65,289,46,310,22,302,12,199,18,291,43,453,0,13,64,1255,12,63,7,34,151,369,0,0,0,0,142,859,136,1219,0,114
1760071,17,274,0,0,0,10,0,39,0,36,0,42,0,50,0,36,0,39,0,21,13,162,0,0,0,99,0,0,0,0,0,6,0,0,0,0,8,141,9,125,0,8
1760073,1145,7793,0,9,138,885,227,1410,219,1191,252,1423,183,1221,77,786,34,418,14,450,132,2413,35,262,128,1853,39,325,25,225,783,2687,0,18,0,10,540,2966,592,4402,13,425
1760074,494,4169,0,0,41,386,85,745,115,748,98,615,81,714,50,550,13,258,11,152,65,685,15,71,149,2619,12,89,16,100,236,599,0,0,0,0,231,1845,257,2232,6,92
1760076,559,5433,0,0,40,292,81,695,86,714,78,737,107,896,79,936,32,559,56,599,129,1252,47,227,97,2555,130,678,91,452,61,210,0,40,0,19,244,2359,310,2982,0,92
1760077,438,4148,0,7,22,191,59,504,91,681,73,670,74,753,65,725,34,353,20,264,101,920,29,169,75,1913,75,483,76,399,69,211,11,43,0,10,205,1647,230,2421,0,80
1760079,12,112,0,0,0,0,0,0,0,12,0,7,0,28,0,38,0,12,0,6,0,9,0,16,0,56,0,6,0,0,0,23,0,0,0,0,0,44,7,64,0,0
1760081,49,679,0,0,0,52,16,99,0,76,10,88,0,140,8,116,0,79,0,29,34,410,0,0,0,206,0,14,0,7,9,38,0,0,0,0,21,324,28,339,0,16
1760083,106,1177,0,0,0,97,17,161,24,167,21,190,13,229,19,179,7,114,0,40,23,444,21,132,9,253,7,62,16,101,30,180,0,0,0,0,53,510,52,630,0,37
1760084,197,1530,0,0,16,107,33,201,30,217,38,245,21,250,10,232,26,160,23,117,65,699,0,13,38,544,0,35,0,24,86,213,0,0,0,0,81,613,115,886,0,31
1760085,2508,12260,0,0,262,1376,472,2375,430,1885,501,2056,468,2198,267,1557,75,560,33,248,194,1757,196,1315,272,3340,55,394,11,185,1773,5235,0,0,0,29,1161,5366,1302,6247,45,647
1760087,708,4529,0,0,84,523,130,842,102,684,140,687,125,813,70,581,30,260,27,136,79,923,61,523,92,919,28,186,13,81,433,1885,0,0,0,10,324,1837,373,2460,11,232
1760088,187,674,0,0,45,92,94,415,32,93,7,29,0,23,0,18,0,0,0,0,89,73,48,39,15,515,0,12,7,16,24,16,0,0,0,0,121,399,66,269,0,6
1760089,346,4261,0,8,12,259,39,488,35,497,58,686,54,692,45,758,36,439,67,434,166,1664,0,43,67,1723,15,216,24,247,71,357,0,7,0,0,149,1600,196,2589,0,72
1760090,847,5262,0,0,51,329,133,774,129,830,150,822,134,743,99,781,48,386,103,592,133,923,10,64,234,2916,37,249,31,206,397,891,0,8,0,0,417,2187,416,2923,14,152
1760091,184,2760,0,9,21,379,24,308,17,265,28,384,33,517,21,374,17,292,23,232,125,1487,0,26,28,874,12,226,6,102,8,40,0,0,0,0,88,1222,96,1495,0,43
1760093,194,2374,0,0,30,349,38,382,24,250,33,336,40,424,11,291,9,192,9,148,105,1271,0,8,26,779,10,138,7,34,44,141,0,0,0,0,104,1090,86,1251,0,33
1760096,41,558,0,0,0,46,7,67,7,98,8,71,8,99,0,88,0,54,0,34,24,274,0,36,0,128,0,31,0,8,7,80,0,0,0,0,19,267,22,269,0,22
1760097,47,852,0,0,0,72,11,107,0,105,0,104,11,172,11,157,0,101,0,34,35,509,0,7,0,295,0,6,0,0,7,33,0,0,0,0,22,411,25,433,0,8
1760098,385,4057,0,0,37,345,55,595,41,524,45,473,66,606,66,600,35,416,40,498,180,1727,12,77,29,1825,0,40,9,14,152,370,0,0,0,0,189,1506,194,2463,0,88
1760099,607,4521,0,0,91,539,120,725,96,659,127,787,82,760,44,624,32,277,15,145,67,819,141,834,57,1506,19,177,10,53,313,1126,0,0,0,0,266,1808,333,2524,8,189
1760101,845,5125,0,0,68,409,159,874,158,853,192,839,137,848,89,696,28,341,14,260,111,932,18,111,147,2628,27,211,16,118,524,1112,0,8,0,0,452,2439,390,2608,0,78
1760102,205,2606,0,0,24,205,37,341,34,326,31,328,45,467,20,376,7,293,7,267,96,1076,7,35,28,1277,0,31,21,45,48,129,0,8,0,0,101,1084,103,1453,0,69
1760103,326,4179,0,0,14,299,56,565,51,674,61,552,74,748,44,572,14,352,12,413,94,977,7,55,126,2780,9,60,32,160,56,136,0,10,0,0,144,1652,177,2256,0,271
1760104,455,3226,0,0,35,180,83,468,54,506,84,524,93,607,51,493,42,333,13,112,25,264,220,1386,87,1128,16,115,0,7,101,323,0,0,0,0,226,1374,223,1760,6,92
1760106,546,3897,0,0,36,178,101,476,119,615,101,595,87,647,51,487,26,382,25,514,76,1105,17,203,108,1649,12,128,15,97,318,706,0,7,0,0,305,1644,239,2158,0,95
1760107,687,5320,0,8,46,355,136,896,129,918,131,857,134,1012,69,647,34,365,7,262,62,493,13,99,281,3910,15,87,41,181,262,530,10,19,0,0,342,2200,329,2807,16,313
1760108,355,3902,0,0,14,135,38,399,37,480,40,465,40,620,66,674,50,568,70,558,146,1113,14,88,99,2331,8,71,30,125,52,170,0,0,0,0,158,1538,172,1971,25,393
1760109,12,344,0,0,0,21,0,50,0,35,0,37,0,41,0,29,0,47,0,79,0,24,0,0,9,297,0,0,0,0,0,14,0,0,0,0,0,44,0,64,6,236
1760110,767,3908,0,0,97,473,146,829,127,678,190,778,124,603,61,340,17,137,0,66,65,490,19,63,247,2589,6,55,7,51,423,657,0,0,0,0,386,1726,369,2084,12,98
1760112,31,422,0,0,0,38,0,61,6,82,7,74,7,71,0,57,0,24,0,14,6,172,0,17,0,186,0,0,0,0,20,41,0,0,0,0,14,169,17,238,0,15
1760115,315,4634,0,8,30,383,79,989,54,681,38,472,32,529,18,506,26,334,38,732,110,2252,44,454,24,1549,0,45,0,27,128,306,0,0,0,0,135,1642,180,2907,0,85
1760118,91,1347,0,0,0,79,21,211,20,197,13,182,13,226,7,231,8,146,0,73,37,418,0,14,30,822,0,22,0,12,17,59,0,0,0,0,44,587,46,720,0,40
1760119,42,909,0,0,0,85,11,146,8,117,8,130,9,161,0,133,0,82,0,54,18,386,0,0,13,463,0,10,0,8,11,39,0,0,0,0,23,381,19,476,0,52
1760120,1433,6914,0,0,130,661,306,1470,246,1232,300,1135,232,1165,110,671,52,305,57,272,120,752,37,180,412,4359,16,179,18,113,813,1324,16,0,0,0,679,2994,733,3696,21,224
1760123,964,6586,0,9,94,534,184,1218,175,1010,172,1038,146,1074,96,877,42,483,55,343,126,1415,38,212,267,3783,21,166,13,101,497,899,0,9,0,0,430,2671,517,3644,17,271
1760124,152,2048,0,0,13,141,24,199,26,300,24,346,25,332,17,306,11,251,12,173,47,655,0,32,54,1183,0,24,14,71,26,77,0,0,0,0,74,892,76,1089,0,67
1760126,380,5803,0,0,40,592,47,666,41,754,61,835,53,908,48,768,36,607,54,670,154,2545,19,107,109,2545,16,201,18,131,60,259,0,10,0,0,201,2624,175,3088,0,91
1760130,171,3622,0,7,0,62,26,469,27,525,38,585,25,604,28,604,18,423,7,343,34,842,63,855,31,1481,15,147,0,64,25,227,0,6,0,0,76,1441,90,1993,0,188
1760131,375,2528,0,0,40,177,54,393,74,466,82,438,63,446,43,364,8,135,11,109,78,746,0,41,81,924,16,120,10,40,182,636,0,20,0,0,184,1141,187,1356,0,31
1760133,791,5347,0,8,75,438,166,1013,138,957,155,884,155,924,71,662,21,278,10,183,71,544,29,153,254,3698,21,112,39,170,366,659,10,10,0,0,387,2146,383,2690,21,511
1760134,214,2857,0,0,27,431,23,349,17,326,23,370,24,504,19,353,27,224,54,299,105,1127,0,18,76,1579,0,38,0,24,26,71,0,0,0,0,87,1173,122,1581,0,103
1760135,53,673,0,0,0,72,15,120,9,104,0,89,14,124,0,82,0,51,0,31,21,297,0,0,12,328,0,6,0,0,20,34,0,0,0,0,30,303,23,357,0,13
1760136,71,675,0,0,0,43,10,91,10,124,17,143,17,148,6,64,0,46,0,16,19,170,0,17,17,407,0,6,17,52,15,23,0,0,0,0,30,284,40,363,0,28
1760137,180,3752,0,0,12,355,41,466,38,582,28,430,25,582,22,545,6,368,8,423,62,1122,12,68,51,2314,0,71,8,55,40,115,0,0,0,0,93,1588,87,2072,0,92
1760139,687,4611,0,7,75,347,126,816,124,811,134,817,108,755,77,572,38,331,0,155,80,612,21,143,146,2655,24,171,86,280,329,738,0,11,0,0,334,2062,351,2446,0,103
1760140,111,1532,0,0,0,113,24,233,31,332,25,210,14,236,9,203,0,131,0,74,41,547,0,18,40,838,0,21,0,32,25,75,0,0,0,0,56,653,55,854,0,25
1760141,27,919,0,18,0,0,0,34,0,73,0,66,0,95,0,210,7,356,0,63,6,38,6,29,8,107,6,730,0,0,0,13,0,0,0,0,21,828,6,74,0,17
1760142,122,2554,0,0,8,203,18,240,17,200,28,318,23,333,14,320,11,535,0,403,77,1416,0,28,11,973,0,18,7,37,25,77,0,0,0,0,57,1056,65,1461,0,37
1760143,205,1629,0,0,8,103,20,142,22,202,25,192,28,275,44,339,28,223,30,149,81,405,0,31,61,990,0,27,14,42,39,124,0,9,0,0,99,663,106,926,0,40
1760145,9,159,0,0,0,12,0,18,0,21,0,32,0,21,0,19,0,20,0,16,7,79,0,0,0,71,0,0,0,0,0,7,0,0,0,0,7,76,0,82,0,0
1760146,10,232,0,0,0,36,0,47,0,29,0,26,0,28,0,48,0,13,0,0,6,114,0,0,0,108,0,0,0,0,0,8,0,0,0,0,7,97,0,126,0,9
1760148,426,5662,0,0,29,318,78,783,66,959,61,763,59,954,47,869,25,499,61,515,155,1987,36,191,95,2835,15,174,24,147,96,320,0,0,0,0,190,2300,223,3194,13,168
1760151,20,319,0,0,0,29,0,47,0,44,0,47,0,45,0,58,0,28,0,21,10,170,0,0,8,140,0,0,0,0,0,0,0,0,0,0,12,151,8,156,0,12
1760152,85,1035,0,0,0,80,7,144,16,140,15,136,12,156,8,136,8,135,15,108,50,499,0,6,0,453,0,13,0,0,31,58,0,0,0,0,39,399,46,606,0,30
1760153,541,3606,0,0,47,261,96,621,100,595,110,598,90,592,47,477,37,302,13,155,30,215,234,1603,100,1088,24,197,0,6,152,495,0,0,0,0,249,1573,280,1958,12,75
1760154,226,2644,0,0,17,102,27,226,32,357,37,352,32,460,35,542,31,365,15,236,38,836,66,393,49,1003,17,123,9,43,46,237,0,8,0,0,102,1102,122,1490,0,52
1760155,184,1151,0,0,19,72,24,141,24,168,38,207,34,198,25,202,12,102,8,59,10,79,100,570,37,382,10,37,6,21,17,60,0,0,0,0,80,492,99,630,0,29
1760156,174,2204,0,0,15,223,42,367,22,333,31,339,38,433,17,260,6,171,0,75,84,880,10,30,14,1122,0,19,11,26,52,126,0,0,0,0,90,975,84,1204,0,25
1760157,12,223,0,0,0,18,0,26,0,29,7,29,0,36,0,45,0,25,0,15,0,72,0,0,0,140,0,0,0,0,0,0,0,0,0,0,7,107,0,112,0,0
1760160,787,4133,0,0,83,339,144,768,168,806,159,684,125,604,60,426,28,240,20,261,116,922,25,159,190,1675,38,243,0,17,415,1115,0,0,0,0,395,1849,372,2214,20,70
1760162,179,1802,0,0,10,59,38,240,26,286,33,277,26,267,27,359,10,163,9,146,17,150,53,460,29,855,9,91,0,17,67,228,0,0,0,0,82,700,90,932,7,170
1760163,101,749,0,0,8,46,18,128,16,121,25,139,18,131,9,89,0,72,0,23,7,116,15,185,26,259,0,30,0,13,49,144,0,0,0,0,44,333,55,404,0,12
1760164,551,4878,0,0,40,278,105,657,79,577,108,705,115,748,58,684,23,514,23,715,105,1157,6,72,137,2403,25,180,11,70,266,985,0,9,0,0,294,2066,247,2759,10,53
1760165,186,739,0,0,24,81,39,157,33,160,35,102,28,116,15,69,10,39,0,14,24,139,0,18,42,283,11,42,0,0,102,253,0,0,0,0,88,349,96,385,0,0
1760169,429,3784,0,6,33,217,77,551,87,679,62,570,83,594,37,481,17,295,33,391,53,394,13,71,187,2924,14,70,39,123,106,193,6,0,11,6,213,1481,204,2094,12,209
1760171,138,1326,0,0,13,75,28,227,23,221,27,199,24,213,20,213,0,100,0,74,34,523,0,13,40,463,6,74,0,11,51,229,0,12,0,0,69,616,69,690,0,20
1760172,249,2645,0,0,12,173,27,329,35,390,44,429,58,531,38,418,18,229,17,141,113,559,0,32,64,1834,7,58,15,59,47,97,0,0,0,0,96,1064,148,1417,0,164
1760173,113,1112,0,0,7,50,21,200,21,229,18,157,23,151,8,153,0,78,12,90,14,151,0,25,46,795,8,24,16,56,22,51,0,0,0,6,53,472,57,602,0,38
1760174,215,3634,0,0,21,298,39,537,39,496,32,401,37,598,23,499,10,398,14,407,96,1290,6,36,58,2065,0,31,6,32,44,171,0,9,0,0,103,1500,105,1893,7,241
1760175,123,2024,0,0,15,259,24,255,16,229,16,241,27,378,15,322,10,233,0,107,62,802,0,15,40,1074,0,32,6,49,11,49,0,0,0,0,62,943,60,1036,0,45
1760176,181,1286,0,0,17,110,28,207,43,233,31,219,33,191,18,200,7,65,0,58,49,389,0,15,42,558,9,65,11,25,62,227,0,6,0,0,95,609,83,652,0,25
1760177,311,2665,0,0,24,271,42,503,52,470,28,383,41,453,27,243,38,146,59,195,83,698,7,51,138,1676,6,46,13,55,63,135,0,0,0,0,119,1012,150,1563,42,90
1760178,79,1867,0,0,10,169,21,293,13,277,15,272,11,312,0,245,0,182,0,117,38,926,0,44,14,792,0,20,0,7,20,78,0,0,0,0,38,834,41,1002,0,31
1760181,303,3105,0,0,22,209,52,498,55,559,57,444,52,550,34,456,21,236,10,152,76,1104,17,137,59,1308,17,127,14,80,120,341,0,0,0,0,139,1445,162,1615,0,45
1760184,8,199,0,0,0,16,0,35,0,21,0,20,0,35,0,30,0,29,0,13,0,73,0,0,0,116,0,0,0,0,0,0,0,0,0,0,0,84,0,114,0,0
1760185,798,4834,0,0,82,527,125,820,178,810,155,754,129,796,76,617,40,339,13,169,88,860,11,73,176,2525,8,89,21,91,494,1192,0,0,0,0,406,2234,374,2484,18,116
1760187,169,3641,0,8,7,274,29,438,27,405,18,413,33,624,26,624,10,395,19,460,68,1510,8,115,53,1763,9,93,16,65,14,88,0,6,0,0,72,1546,94,1884,0,211
1760188,535,4896,0,0,37,345,80,848,85,773,84,624,82,866,56,664,37,361,74,414,141,1207,28,185,152,2766,20,121,59,250,131,359,0,6,0,0,245,1979,284,2800,6,117
1760189,125,2914,0,0,13,285,29,422,16,387,13,332,20,435,22,486,10,360,0,204,62,935,10,75,28,1747,0,40,6,69,19,46,0,0,0,0,54,1205,71,1629,0,80
1760190,70,1505,0,0,0,99,10,134,12,171,10,167,16,279,10,333,6,182,0,139,34,634,0,35,19,747,0,17,0,19,13,53,0,0,0,0,34,631,35,831,0,43
1760191,237,1683,0,0,21,97,32,237,49,277,39,239,48,271,24,233,12,163,12,166,65,427,0,23,48,934,8,52,7,26,105,219,0,0,0,0,132,787,105,878,0,18
1760192,72,1232,0,0,0,93,8,145,13,198,12,189,18,223,8,195,7,149,0,38,19,159,0,15,32,939,0,22,11,75,0,13,0,0,0,0,30,558,41,639,0,35
1760193,295,4662,0,12,18,253,36,643,50,751,44,676,57,793,46,697,24,467,20,370,78,799,7,60,132,3333,10,79,29,188,38,195,0,6,0,0,136,1734,154,2614,0,314
1760194,192,3108,0,0,14,116,27,244,37,316,34,298,25,380,17,344,11,305,27,1103,39,282,0,30,80,2615,6,52,18,58,42,68,0,0,0,0,81,1075,107,1831,0,202
1760195,21,357,0,0,0,18,0,58,0,86,0,62,0,41,0,48,0,32,0,12,0,55,0,9,8,257,0,9,0,16,0,10,0,0,0,0,8,147,11,196,0,14
1760201,354,5830,0,27,24,396,58,975,45,631,49,623,43,746,42,734,45,557,48,1141,130,1913,98,577,33,2684,29,381,10,68,51,201,0,0,0,0,166,2277,188,3367,0,186
1760202,461,4719,0,0,29,409,54,617,58,729,69,683,64,750,59,769,36,413,92,349,135,1250,125,637,55,2074,34,361,14,74,98,309,0,11,0,0,191,1896,268,2729,0,94
1760203,39,628,0,0,8,91,0,74,0,58,6,146,11,81,6,99,0,55,0,23,17,279,0,38,11,217,0,50,0,25,0,19,0,0,0,0,17,270,21,352,0,6
1760301,32,442,0,0,0,51,7,71,8,83,0,64,8,66,0,44,0,41,0,22,11,150,9,66,0,163,0,29,0,11,0,20,0,0,0,0,13,190,19,242,0,10
1760302,244,4755,0,0,14,352,31,575,34,701,44,705,38,756,29,671,26,561,28,434,87,1620,92,712,23,1999,12,216,8,51,22,148,0,6,0,0,107,1874,131,2807,6,74
1760304,87,2017,0,0,0,196,13,218,18,323,18,391,15,392,13,279,7,156,0,60,27,830,44,322,0,670,0,94,0,29,11,71,0,0,0,0,46,884,40,1105,0,28
1760305,63,1197,0,0,0,119,10,135,9,136,13,205,10,207,12,194,0,154,0,47,25,621,9,102,14,351,0,53,0,15,9,52,0,0,0,0,34,508,29,678,0,11
1760401,51,1146,0,0,0,87,7,126,0,111,11,142,11,193,6,196,7,135,0,152,25,455,6,34,15,570,0,22,0,15,0,50,0,0,0,0,23,475,28,641,0,30
1760402,1505,10115,0,16,106,723,297,1801,264,1812,331,1794,246,1703,157,1228,64,621,38,417,214,2490,83,509,301,3449,110,996,12,74,782,2579,0,16,0,0,710,4437,771,5244,24,434
1760403,253,2572,0,0,24,157,39,363,44,320,57,418,46,437,23,335,8,289,12,253,46,877,57,276,73,1044,6,129,8,36,62,204,0,0,0,0,131,1064,120,1456,0,52
1760404,132,2283,0,0,10,160,20,270,21,281,18,311,26,348,17,351,10,287,10,273,51,1119,12,79,44,910,0,59,0,21,19,94,0,0,0,0,72,996,59,1258,0,29
1760406,556,4295,0,0,62,340,97,733,101,721,85,732,111,882,53,516,27,254,20,117,38,357,109,599,265,2988,19,75,0,6,122,263,0,0,0,7,273,2258,280,1987,0,50
1760408,27,684,0,0,0,50,7,97,0,57,0,76,0,127,0,151,0,86,0,40,14,439,0,15,8,188,0,9,0,0,0,33,0,0,0,0,14,312,13,361,0,11
1760409,667,6260,0,7,50,426,104,761,119,882,138,1064,112,1163,94,1022,27,582,22,353,24,307,338,2284,210,3315,28,122,0,0,67,226,0,0,0,0,270,2480,391,3651,6,129
1760410,56,1171,0,0,0,101,14,171,0,159,13,181,9,227,8,163,0,118,0,51,24,588,0,14,24,500,0,25,0,0,7,42,0,0,0,0,29,527,26,633,0,11
1760411,1025,9552,0,10,77,672,184,1482,154,1408,186,1496,167,1702,122,1462,86,868,48,452,90,1306,399,2548,346,5010,29,188,0,19,151,436,0,0,0,45,455,4100,556,5228,14,224
1760415,228,2122,0,0,11,82,39,334,32,345,26,283,25,391,39,362,27,174,29,148,85,664,33,225,72,1012,13,79,0,25,18,110,0,0,0,7,111,908,112,1053,0,161
1760416,24,637,0,0,0,91,0,94,6,115,0,95,0,89,0,86,0,42,0,25,13,336,0,7,10,257,0,17,0,0,0,19,0,0,0,0,0,256,15,371,0,10
1760417,190,2365,0,0,7,96,19,222,27,265,26,295,29,349,31,430,20,367,31,341,66,909,53,366,46,980,6,47,0,7,18,53,0,0,0,0,80,981,107,1315,0,69
1760418,126,860,0,0,0,32,20,112,10,111,13,127,14,153,21,171,16,86,27,68,48,291,14,53,52,479,0,13,0,0,10,17,0,0,0,0,39,331,84,508,0,21
1760419,441,4376,0,0,22,231,60,544,59,553,60,620,87,842,82,915,41,413,30,254,11,94,285,1757,119,2434,6,52,0,0,19,36,0,0,0,0,182,1770,255,2495,0,111
1760420,13,410,0,0,0,43,0,40,0,48,0,60,0,80,0,64,0,33,0,41,10,224,0,0,0,165,0,10,0,0,0,0,0,0,0,0,9,154,0,226,0,30
1760421,15,303,0,0,0,9,0,38,0,52,0,20,0,70,0,51,0,34,0,29,9,145,0,7,0,124,0,16,0,0,0,10,0,0,0,0,8,138,7,162,0,0
1760422,96,1450,0,0,7,100,9,147,13,125,20,225,19,288,13,281,0,192,11,91,13,230,50,417,31,774,0,14,0,0,0,7,0,0,0,0,45,632,51,809,0,9
1760423,196,3020,0,0,12,244,31,440,22,322,31,465,52,612,27,505,12,293,9,139,93,1065,16,91,68,1712,0,89,8,24,7,37,0,0,0,0,102,1344,94,1641,0,35
1760424,6,145,0,0,0,16,0,28,0,12,0,21,0,36,0,15,0,13,0,0,0,68,0,0,0,61,0,10,0,0,0,6,0,0,0,0,0,76,0,63,0,6
1760425,192,2089,0,0,13,78,18,203,18,191,28,289,41,408,37,468,22,260,15,187,29,252,77,625,74,1158,0,19,0,0,8,29,0,0,0,6,103,889,88,1083,0,117
1760426,528,4853,0,0,46,374,85,729,99,670,92,732,91,906,58,795,41,440,16,203,10,180,240,1936,171,2356,13,98,0,9,91,256,0,0,0,17,267,2257,256,2491,0,105
1760428,245,2118,0,0,24,163,33,289,43,283,42,327,38,362,35,388,17,201,13,103,0,70,127,692,85,1273,7,20,0,0,21,57,0,0,0,0,99,871,145,1204,0,43
1760429,249,3069,0,0,17,179,32,333,36,362,39,404,48,525,33,622,20,395,24,248,19,183,163,1041,60,1805,0,21,0,0,0,14,0,0,0,0,104,1253,143,1785,0,31
1760430,300,3073,0,0,10,187,28,307,41,338,35,394,51,541,36,611,48,413,51,279,50,627,145,701,83,1632,6,54,0,17,12,33,0,0,0,8,126,1276,170,1740,0,57
1760431,251,3533,0,0,21,267,34,514,67,652,54,585,41,532,23,423,7,309,0,246,50,1334,38,251,80,1508,6,152,7,31,70,250,0,7,0,0,105,1420,146,2053,0,60
1760432,495,2986,0,0,60,325,102,572,87,505,102,521,83,471,35,340,12,160,14,90,30,385,46,381,146,1369,28,272,0,0,244,577,0,0,0,0,242,1308,243,1589,10,89
1760433,344,3044,0,0,31,197,55,425,57,429,55,367,51,439,36,392,22,307,37,488,44,672,85,398,98,1516,10,158,0,9,107,290,0,0,0,0,156,1136,186,1806,0,102
1760434,170,398,0,0,0,0,16,19,44,74,39,89,33,106,30,75,7,29,0,0,21,52,118,166,0,133,0,34,0,0,27,13,0,0,0,0,165,333,0,63,0,0
1760435,752,8011,0,0,44,475,112,1097,135,1170,110,1138,113,1358,84,1160,74,784,80,824,192,2617,111,822,211,3259,15,406,9,49,213,853,0,0,0,0,361,3428,387,4445,0,138
1760436,275,2818,0,0,33,205,45,435,53,450,60,477,37,496,25,424,16,230,6,101,29,770,56,491,78,1056,9,167,0,14,102,318,0,0,0,0,139,1161,133,1613,0,44
1760438,441,4064,0,0,25,245,63,561,71,558,78,696,89,784,61,624,27,382,27,211,58,581,154,943,166,2277,13,92,0,12,48,156,0,0,0,0,180,1652,259,2337,0,75
1760439,129,2297,0,0,6,137,17,267,16,250,25,278,19,389,11,362,13,277,22,336,65,1051,0,18,49,1098,8,67,0,18,6,43,0,0,0,0,53,973,75,1286,0,38
1760440,936,9111,0,14,82,600,146,1411,142,1495,169,1325,137,1518,91,1249,75,953,94,546,130,1669,136,988,262,4583,41,328,41,308,324,1224,0,6,0,0,436,3786,496,5112,0,213
1760441,241,2937,0,0,12,183,39,427,53,517,43,484,44,512,27,429,15,255,8,126,89,1055,21,77,91,1590,0,100,0,11,33,98,0,0,0,0,120,1278,119,1616,0,43
1760442,49,768,0,0,0,70,10,109,8,154,10,139,7,140,10,103,0,45,0,8,29,329,0,0,15,400,0,16,0,0,0,15,0,0,0,0,25,335,24,427,0,6
1760443,401,3753,0,0,31,209,54,386,60,450,74,575,63,728,55,688,28,478,35,239,20,298,236,1359,124,2004,0,40,0,19,12,30,0,0,0,0,163,1395,213,2098,25,260
1760445,185,2468,0,0,16,162,27,364,33,365,43,372,32,427,20,449,7,210,7,117,30,521,19,153,95,1624,6,40,0,17,34,104,0,0,0,9,82,1091,99,1346,0,31
1760446,588,5681,0,6,70,413,105,1001,84,777,113,1118,135,1122,44,579,23,386,13,279,99,1417,60,414,143,2564,40,309,26,158,217,806,0,9,0,0,282,2436,301,3142,0,103
1760447,64,1246,0,0,8,133,12,203,15,200,13,226,0,182,9,137,0,113,0,51,24,530,0,16,24,568,0,44,0,0,13,86,0,0,0,0,32,515,27,716,0,15
1760448,184,2092,0,0,17,187,33,258,19,251,30,281,36,420,18,293,15,214,16,187,100,858,0,13,64,1135,0,41,0,15,10,30,0,0,0,0,89,889,92,1142,0,61
1760449,86,1173,0,0,0,64,9,124,15,136,14,155,16,223,22,231,8,143,0,97,30,427,21,135,24,555,0,31,0,0,7,19,0,0,0,0,48,531,37,628,0,14
1760450,79,1760,0,0,8,187,10,228,11,158,8,216,12,286,0,197,7,188,17,300,53,870,0,7,16,796,0,39,0,0,0,46,0,0,0,0,29,612,46,1094,0,54
1760451,166,2774,0,0,15,279,27,397,30,457,35,431,36,503,18,397,0,219,0,90,84,1205,0,16,72,1453,0,47,0,17,0,35,0,0,0,0,77,1218,89,1534,0,22
1760452,268,3038,0,0,13,166,57,494,49,502,46,490,48,521,32,517,10,226,13,121,83,882,33,158,109,1740,8,113,7,38,26,96,0,0,0,11,135,1389,132,1610,0,39
1760453,882,7879,0,8,38,339,139,1026,107,1176,111,1068,169,1335,109,1330,94,873,115,724,241,2578,121,609,334,3978,25,201,16,82,142,421,0,0,0,9,420,3412,451,4305,11,162
1760455,380,2358,0,0,24,129,49,333,40,292,48,317,56,415,78,434,47,243,37,193,118,833,27,101,127,1033,28,151,0,29,75,206,0,0,0,0,197,1155,178,1161,0,42
1760456,56,511,0,0,0,29,11,84,9,79,9,79,7,89,11,89,0,34,0,27,27,233,0,10,11,230,0,8,0,0,15,26,0,0,0,0,15,222,41,283,0,6
1760457,151,1636,0,0,16,102,22,230,29,278,30,256,23,295,20,249,6,157,0,66,50,491,0,56,53,867,16,108,11,30,16,80,0,0,0,0,75,696,75,750,0,190
1760458,171,1648,0,0,11,128,33,270,25,285,32,275,27,286,26,224,8,131,9,49,50,510,26,192,57,760,11,84,0,0,27,96,0,0,0,0,66,698,103,927,0,23
1760459,472,3900,0,0,30,237,96,665,89,570,87,644,68,583,61,550,26,348,15,299,140,1263,22,219,64,1683,19,160,0,30,221,539,0,0,0,6,225,1695,247,2117,0,88
1760461,67,849,0,0,7,38,0,67,7,70,9,84,22,174,8,176,8,158,0,82,6,74,37,292,19,460,0,17,0,0,0,0,0,0,0,0,31,351,35,489,0,9
1760462,400,4493,0,0,24,276,77,592,55,606,53,602,76,750,40,706,30,532,44,425,128,1548,22,108,190,2540,18,136,18,84,23,62,0,0,0,12,166,1750,229,2663,0,80
1760463,265,1851,0,0,0,76,16,141,7,164,22,214,19,230,36,320,58,351,104,354,95,667,16,47,138,1007,0,88,0,13,8,29,0,0,0,0,118,817,147,994,0,40
1760464,65,1099,0,0,7,51,9,118,6,74,13,95,14,131,0,212,0,177,6,241,28,490,0,8,28,538,0,33,0,10,6,20,0,0,0,0,30,442,35,639,0,18
1760465,287,1836,0,0,30,149,32,276,35,257,34,263,64,329,34,256,32,197,25,107,105,604,13,61,136,1002,17,72,0,24,12,72,0,0,0,0,125,801,145,1007,17,28
1760466,514,4172,0,10,18,211,54,444,75,561,94,735,150,939,88,740,28,361,7,171,120,609,226,1276,140,2152,0,61,0,0,20,65,0,0,0,0,268,1773,242,2282,0,117
1760467,207,2561,0,0,15,187,28,311,20,217,25,281,29,378,34,462,22,318,34,404,95,1040,9,41,77,1298,7,89,10,59,6,31,0,0,0,0,95,1073,110,1431,0,57
1760468,42,583,0,0,0,41,9,75,0,84,0,71,9,110,10,114,0,68,0,20,25,340,0,11,13,206,0,16,0,0,0,9,0,0,0,0,21,263,20,319,0,0
1760469,102,848,0,0,13,92,22,180,22,133,20,140,10,137,11,89,0,58,0,19,9,126,7,49,57,567,0,18,0,0,26,83,0,0,0,0,48,374,53,460,0,14
1760471,231,2251,0,0,10,120,18,229,41,288,50,371,50,509,38,395,17,251,7,85,11,108,148,924,59,1164,6,27,0,0,6,21,0,0,0,0,96,898,134,1305,0,48
1760472,74,895,0,0,6,27,12,91,6,100,16,129,17,187,11,191,0,107,0,60,0,34,44,364,21,474,0,8,0,0,0,15,0,0,0,0,45,422,29,461,0,12
1760473,469,4814,0,0,26,249,47,459,51,476,57,622,65,854,82,910,67,683,73,558,37,263,269,1605,133,2819,11,49,0,6,17,70,0,0,0,0,192,1970,271,2728,6,116
1760475,102,1190,0,0,9,74,15,206,15,161,17,202,25,184,13,198,7,114,0,51,28,430,25,172,33,501,0,28,0,7,13,50,0,0,0,0,48,494,53,679,0,17
1760476,33,363,0,0,0,17,0,42,10,41,6,67,0,55,0,78,0,35,0,28,10,111,7,41,11,192,0,0,0,0,0,14,0,0,0,0,15,179,18,180,0,0
1760477,284,3920,0,0,12,207,58,566,48,590,45,544,52,682,36,639,17,406,16,284,114,1314,23,213,103,2185,11,87,16,53,14,61,0,0,0,0,121,1646,155,2190,8,84
1760478,361,3460,0,0,13,209,39,389,48,401,55,512,57,604,58,645,49,465,42,235,26,145,247,1196,76,2056,0,29,0,7,6,22,0,0,0,0,150,1330,211,2071,0,59
1760480,44,691,0,0,0,39,9,79,10,96,8,96,9,116,0,113,0,124,0,28,18,276,0,9,16,318,0,38,0,9,7,41,0,0,0,0,22,335,21,345,0,11
1760481,34,1436,0,0,0,68,0,140,0,171,9,189,8,293,0,322,0,171,0,82,20,667,0,10,12,714,0,28,0,0,0,15,0,0,0,0,18,672,16,753,0,11
1760482,114,1029,0,0,10,50,19,151,20,161,14,150,32,205,9,175,0,79,0,58,36,383,0,23,57,542,0,40,0,0,10,31,0,0,0,0,45,477,69,529,0,23
1760484,135,1008,0,0,6,66,27,160,26,155,23,197,25,183,13,144,9,67,6,35,10,28,88,457,31,500,0,15,0,0,0,8,0,0,0,0,49,348,85,634,0,26
1760487,179,2332,0,0,7,177,34,358,26,318,34,396,30,479,32,355,10,166,6,83,74,754,10,78,69,1323,6,73,12,60,6,41,0,0,0,0,91,1034,86,1266,0,32
1760490,167,2607,0,0,16,193,25,381,22,386,41,522,43,518,15,385,0,145,0,75,39,528,30,252,34,1327,15,125,20,183,27,186,0,0,0,0,83,1168,84,1363,0,76
1760491,171,1824,0,0,6,96,25,254,25,262,35,242,38,288,28,362,8,172,6,147,89,751,9,21,61,940,0,64,0,12,0,35,0,0,0,0,96,810,75,982,0,32
1760501,311,1704,0,0,34,157,80,342,43,278,75,324,42,249,17,183,12,105,8,65,46,347,12,87,80,753,23,140,0,9,148,365,0,0,0,0,149,752,160,934,0,18
1760502,115,2044,0,0,12,217,26,308,18,266,26,377,24,376,6,269,0,154,0,76,34,573,14,119,28,1120,0,49,8,69,26,113,0,0,0,0,58,889,57,1120,0,35
1760503,78,1435,0,0,0,147,17,211,8,245,28,344,11,248,9,147,0,67,0,26,12,313,9,78,33,767,0,58,0,89,15,124,0,0,0,0,29,588,49,827,0,20
1760504,390,4249,0,0,44,420,87,776,54,715,81,806,65,725,33,504,14,183,12,118,59,847,55,323,95,2250,8,165,31,197,140,458,0,0,0,0,175,1789,213,2392,0,68
1760505,2074,11354,0,0,268,1366,420,2232,367,1876,472,1987,325,1627,143,1069,57,655,22,539,65,893,51,397,564,6588,21,383,0,32,1367,3056,0,0,0,0,1019,5049,1041,6034,14,271
1760506,1190,9560,0,6,115,929,218,1684,189,1322,228,1608,164,1468,115,1177,72,718,89,648,155,1963,96,620,301,4644,29,389,44,119,563,1824,0,0,0,0,579,4191,604,4927,7,442
1760510,143,3354,0,0,10,364,28,406,21,407,28,401,23,508,21,484,6,319,6,463,58,1534,7,70,46,1540,0,42,0,37,27,127,0,0,0,0,69,1418,70,1863,0,73
1760513,186,2840,0,0,10,190,26,348,37,460,37,434,35,413,27,430,0,258,11,305,58,1107,6,49,55,1261,20,147,0,21,46,253,0,0,0,0,87,1191,98,1522,0,127
1760514,60,1102,0,0,0,120,17,136,6,105,6,151,10,211,6,173,0,92,8,113,33,421,0,20,11,560,0,38,8,40,0,23,0,0,0,0,23,467,37,614,0,21
1760515,123,2509,0,0,6,194,14,301,20,338,18,332,20,438,15,446,10,258,20,201,66,929,0,28,35,1420,0,51,0,37,14,41,0,0,0,0,54,1121,64,1330,0,58
1760516,157,2960,0,0,20,253,19,322,23,413,25,371,21,425,26,522,10,333,13,317,67,1058,7,73,48,1631,6,78,8,52,20,65,0,0,0,0,77,1280,79,1622,0,58
1760517,257,3752,0,0,29,287,34,497,51,639,41,543,53,689,31,596,13,345,0,152,84,1099,36,252,49,1927,0,123,28,132,52,211,0,7,0,0,128,1572,127,2095,0,85
1760518,7,187,0,0,0,19,0,32,0,20,0,20,0,32,0,37,0,18,0,9,0,106,0,0,0,74,0,0,0,0,0,0,0,0,0,0,0,70,0,105,0,12
1760520,11,245,0,0,0,13,0,40,0,29,0,44,0,38,0,44,0,18,0,19,7,135,0,0,0,97,0,0,0,0,0,9,0,0,0,0,0,103,7,131,0,11
1760521,211,2235,0,0,9,256,14,213,11,174,10,287,33,393,39,345,46,303,49,263,106,744,0,14,67,1312,8,83,7,51,17,29,0,0,0,0,112,969,98,1245,0,21
1760523,117,1394,0,0,0,53,0,116,8,99,0,98,14,186,17,252,15,321,51,269,61,558,0,8,20,588,10,113,16,87,7,38,0,0,0,0,49,648,68,731,0,15
1760525,336,5332,0,11,23,431,47,619,41,604,46,640,49,896,57,953,34,643,39,535,149,2147,22,160,88,2452,10,175,0,50,61,347,0,0,0,0,163,2275,173,2885,0,172
1760526,98,3221,0,6,7,139,14,319,14,336,18,327,7,341,6,379,6,298,26,1076,56,1183,0,47,22,1789,7,94,0,12,11,94,0,0,0,0,48,1126,50,1877,0,218
1760527,289,4482,0,0,14,238,44,452,23,461,38,516,44,637,33,742,33,620,60,812,136,1508,27,228,69,2264,18,174,21,154,16,135,0,15,0,0,127,1834,158,2509,0,139
1760532,159,3149,0,10,10,202,26,405,30,509,21,375,29,462,11,472,6,258,26,456,65,1042,16,118,40,1695,0,82,7,96,30,113,0,0,0,0,70,1296,89,1797,0,56
1760534,198,1559,0,0,18,144,45,262,40,250,36,246,22,231,20,199,10,146,6,79,46,513,6,52,40,569,20,127,0,7,83,289,0,0,0,0,94,718,103,802,0,39
1760538,346,3365,0,0,47,432,75,581,66,584,65,625,56,536,24,303,11,193,0,111,63,938,25,138,58,1623,6,80,0,30,189,554,0,0,0,0,155,1451,189,1862,0,52
1760540,164,4241,0,0,15,332,38,595,17,540,29,502,16,696,24,747,17,492,8,336,78,1683,11,120,39,2052,0,112,10,151,21,119,0,0,0,0,70,1860,92,2316,0,65
1760541,12,226,0,0,0,34,0,33,0,37,0,27,0,38,0,23,0,21,0,13,8,130,0,0,0,92,0,0,0,0,0,0,0,0,0,0,7,105,0,118,0,0
1760542,214,2399,0,0,14,181,36,321,33,303,30,367,24,451,23,361,17,229,37,186,66,931,7,63,78,1105,6,51,0,47,53,200,0,0,0,0,89,1113,121,1250,0,36
1760543,321,4077,0,0,30,425,40,548,43,635,62,725,58,680,38,445,17,354,33,265,128,1399,35,150,66,2034,0,124,9,69,78,297,0,0,0,0,141,1685,178,2325,0,67
1760544,211,3784,0,0,24,263,30,473,26,461,49,618,42,610,21,463,14,453,0,439,61,1504,25,185,57,1649,13,147,11,78,43,217,0,0,0,0,109,1535,102,2210,0,39
1760545,163,1645,0,0,17,154,32,288,35,299,32,322,31,270,13,169,0,94,0,49,25,452,0,56,18,712,0,35,0,10,115,380,0,0,0,0,88,736,74,876,0,33
1760546,177,3561,0,6,20,250,26,391,35,530,30,527,26,552,25,474,11,297,0,534,69,1659,14,121,33,1144,10,154,6,41,43,435,0,6,0,0,81,1232,94,2177,0,152
1760548,110,1713,0,0,10,136,22,263,19,207,17,235,14,231,9,256,13,178,6,207,51,913,0,14,12,584,0,19,0,11,43,172,0,0,0,0,48,618,62,1045,0,50
1760551,29,287,0,0,0,19,0,44,0,29,13,36,0,60,0,46,0,35,0,18,12,170,12,8,0,99,0,6,0,0,0,0,0,0,0,0,22,139,7,143,0,0
1760552,13,380,0,0,0,32,0,38,0,56,0,46,0,71,0,63,0,46,0,28,8,214,0,0,0,142,0,10,0,0,0,12,0,0,0,0,0,165,9,211,0,0
1760554,54,1149,0,0,0,97,0,121,6,157,6,136,15,192,9,173,0,185,0,88,31,564,0,14,12,494,0,21,0,6,8,50,0,0,0,0,27,516,27,611,0,22
1760555,144,1599,0,0,17,159,28,235,16,230,32,261,32,299,14,227,0,130,0,58,34,425,0,22,24,877,0,27,0,22,78,222,0,0,0,0,68,699,76,871,0,29
1760558,78,1500,0,0,20,217,15,175,13,169,9,158,10,259,0,257,0,155,0,110,44,728,0,0,25,706,0,42,0,0,0,18,0,0,0,0,43,656,35,834,0,10
1760559,359,3141,0,0,14,135,44,454,37,455,42,394,42,472,54,509,51,352,75,370,166,857,33,100,77,1819,10,88,26,132,44,140,0,0,0,0,166,1273,191,1781,0,87
1760560,141,2320,0,0,13,248,37,347,17,403,20,372,25,347,19,337,0,154,6,111,64,1045,12,56,29,986,0,65,0,14,30,152,0,0,0,0,68,1007,70,1269,0,44
1760561,141,2625,0,0,9,157,15,314,18,340,24,268,28,404,27,506,15,409,0,226,57,906,7,33,36,1363,7,120,14,121,20,75,0,0,0,0,75,1133,66,1461,0,31
1760563,206,4556,0,0,14,223,30,605,33,667,32,541,23,599,24,585,12,468,38,868,73,1582,17,256,51,2230,7,120,17,166,40,199,0,0,0,0,81,1628,125,2827,0,101
1760564,218,3878,0,0,42,423,37,588,18,394,31,601,42,848,24,511,9,318,15,192,66,1263,15,131,91,1981,7,126,21,270,17,96,0,0,0,7,102,1713,114,2111,0,54
1760565,219,3683,0,0,16,330,29,490,14,444,21,496,31,619,38,668,27,402,43,234,85,1343,13,116,64,1781,0,120,30,205,22,108,0,0,0,8,115,1634,104,2002,0,47
1760585,129,2319,0,0,8,244,24,295,11,301,30,505,32,467,9,246,10,156,0,105,48,814,11,112,38,1072,0,94,7,103,21,123,0,0,0,0,62,987,67,1287,0,45
1760586,446,5413,0,0,46,505,93,950,73,887,88,1012,87,1116,37,531,16,276,6,134,115,1764,70,393,135,2446,15,257,7,84,104,462,0,6,0,0,218,2276,228,3072,0,65
1760601,89,1570,0,0,0,47,29,416,26,373,7,144,9,163,6,177,0,165,7,82,45,481,14,137,15,747,0,81,9,82,0,38,0,0,0,0,47,732,42,809,0,29
1760602,18,319,0,0,0,14,7,71,0,35,0,36,0,32,0,44,0,49,0,37,0,77,0,24,0,178,0,13,0,6,6,21,0,0,0,0,11,174,6,139,0,6
1760603,8,162,0,0,0,9,0,22,0,27,0,31,0,38,0,22,0,10,0,0,0,42,0,16,0,64,0,11,0,13,0,16,0,0,0,0,0,74,0,85,0,0
1760604,24,224,0,0,0,11,0,49,0,42,10,37,0,36,0,32,0,15,0,0,0,36,0,46,11,99,0,9,0,0,0,26,0,0,0,0,17,128,7,92,0,0
1760605,235,3820,0,0,0,115,49,755,85,1235,33,513,28,435,22,425,9,232,6,107,67,945,37,403,78,1989,8,138,19,230,23,106,0,0,0,0,145,1920,89,1879,0,21
1760606,39,1229,0,0,0,94,13,264,8,269,6,156,0,177,0,149,0,75,0,45,6,136,6,172,17,855,0,24,0,17,7,21,0,0,0,0,24,745,15,460,0,24
1760607,501,4004,0,0,11,203,72,857,98,1254,70,597,116,474,103,358,22,186,9,71,123,1198,224,575,68,1644,11,176,20,211,54,188,0,7,0,0,286,1937,153,2012,62,55
1760608,1887,11986,0,15,143,763,372,2846,351,2668,329,1859,331,1582,209,1269,105,589,47,395,147,1782,305,1706,261,3804,53,454,24,276,1093,3929,0,19,0,16,1037,6103,804,5616,46,267
1760609,1916,10794,0,18,188,910,361,1967,358,1887,372,1786,296,1637,198,1373,95,763,48,453,116,1132,279,1642,346,4842,65,286,11,131,1098,2750,0,0,0,6,924,4719,966,5166,26,909
1760610,324,5459,0,0,12,215,102,1217,56,1153,38,481,39,634,36,702,25,661,16,396,114,1824,106,773,63,2513,13,171,9,92,19,82,0,0,0,0,144,2285,179,3136,0,38
1760611,201,5313,0,0,6,109,49,1129,49,1322,19,609,24,680,14,610,22,513,18,341,106,1851,9,204,43,2677,13,236,15,265,14,61,0,12,0,7,99,2192,99,3054,0,67
1760612,752,6765,0,0,39,439,124,1218,150,1419,137,1075,133,1113,113,942,40,368,16,188,53,800,470,2575,121,2614,12,242,7,87,88,440,0,0,0,0,382,3249,353,3300,17,216
1760613,450,6121,0,8,20,262,97,1479,86,1552,54,835,54,687,58,654,36,380,45,264,169,1848,60,290,105,3350,21,241,19,148,74,230,0,13,0,0,231,2838,214,3163,0,120
1760614,603,9075,0,20,8,380,147,2115,75,1826,70,1025,50,952,56,944,82,905,115,908,280,3207,93,462,100,4591,14,218,32,232,83,350,0,10,0,0,258,3460,330,5302,15,313
1760615,435,6308,0,0,33,423,63,1064,73,1127,67,775,84,969,55,895,29,640,31,411,34,893,295,2871,74,2175,9,94,6,158,16,110,0,0,0,0,204,2552,228,3673,0,83
1760616,515,8336,0,9,17,319,81,1124,82,1492,75,1081,87,1319,88,1495,45,879,40,618,50,917,217,1816,112,4244,8,213,58,742,68,386,0,10,0,8,247,3538,260,4230,8,568
1760617,1284,12849,0,8,110,985,212,1797,206,1714,213,1821,220,2147,158,2000,93,1451,72,926,44,896,524,4343,406,6341,30,250,6,17,273,976,0,0,0,23,616,5562,655,7084,13,203
1760618,1480,13570,0,10,124,984,287,2493,295,3190,280,2211,248,1846,131,1323,65,765,50,748,232,3600,29,319,280,5872,62,581,42,401,821,2709,8,66,6,22,755,5903,707,7332,18,335
1760619,1020,12290,0,12,51,693,121,1380,136,1409,186,1577,197,2343,175,2659,80,1391,74,826,13,87,821,6383,157,5629,14,118,0,10,11,57,0,0,0,0,405,4816,607,7254,8,220
1760620,1216,11516,0,11,50,668,141,1355,183,1440,216,1681,244,2266,175,2063,124,1287,83,745,35,131,785,5073,318,6072,48,119,0,13,23,104,0,0,0,0,528,4651,654,6478,34,387
1760621,590,5096,0,7,30,356,102,679,82,730,76,652,106,964,94,995,58,423,42,290,9,77,442,2970,96,1872,8,54,0,0,30,115,0,0,0,0,264,2323,320,2691,6,82
1760622,727,8226,0,0,27,373,121,1931,158,2613,99,1007,99,836,83,636,64,459,76,370,164,2107,76,353,140,4309,19,302,9,132,319,1008,0,9,0,6,361,3692,361,4321,0,213
1760623,3584,14432,0,26,329,1479,614,2760,699,2742,748,2599,635,2309,340,1561,154,672,65,284,104,751,489,2168,731,6059,136,515,0,20,2122,4912,0,0,0,0,1758,6794,1744,7310,82,328
1760624,943,6067,0,6,82,613,141,896,186,1062,179,1060,147,1057,122,845,55,380,30,148,23,169,626,3051,174,2377,14,132,0,12,102,319,0,0,0,0,394,2644,531,3226,18,197
1760625,1557,11916,0,17,81,740,251,1897,256,2467,289,1888,247,1699,207,1653,120,887,106,668,257,2932,69,410,276,5065,71,800,146,648,720,1936,11,107,7,18,787,5148,710,5877,60,891
1760626,1172,11413,0,24,42,384,151,1564,157,1827,152,1663,193,1890,193,2062,169,1279,114,720,304,1715,265,1266,261,7139,53,384,36,170,250,724,0,9,0,6,579,4796,562,5548,31,1069
1760628,1219,10605,0,0,61,614,141,1187,159,1262,187,1490,227,2038,188,1892,157,1362,99,755,18,128,823,5473,268,4740,48,99,0,16,55,142,0,0,0,6,524,4365,675,5959,20,281
1760629,3573,16764,0,18,336,1714,749,3597,660,3019,771,3257,587,2460,323,1675,106,712,41,312,166,1446,270,1415,865,8439,143,635,0,28,2120,4780,0,0,0,16,1774,7737,1756,8806,43,221
1760630,880,7593,0,0,50,497,172,1225,141,1421,134,1180,135,1301,103,1051,61,522,84,394,221,2158,23,88,180,3254,55,497,73,317,306,1162,18,110,0,7,422,3588,453,3911,0,94
1760631,376,5521,0,0,8,224,43,531,52,893,53,992,61,991,36,715,44,416,79,758,210,1941,9,40,84,2926,12,276,14,58,45,248,0,26,0,6,176,2815,198,2614,0,92
1760632,3365,13671,0,14,314,1322,600,2930,647,2551,716,2423,598,2236,298,1311,103,553,88,331,165,1129,88,268,649,6669,106,666,15,138,2340,4781,0,7,0,13,1684,6441,1612,6837,69,393
1760633,304,3073,0,9,16,149,43,336,43,380,56,492,60,627,43,659,30,288,12,133,24,364,57,324,141,1963,12,41,10,116,60,260,0,0,0,0,131,1341,146,1370,27,362
1760634,1602,13502,0,14,101,820,240,1976,290,2378,314,2344,311,2423,212,1952,73,898,60,697,313,3072,28,188,331,5840,87,780,64,307,757,3177,20,126,0,12,780,6347,810,6967,12,188
1760636,818,5227,0,0,57,458,135,787,136,827,138,749,129,964,93,750,77,445,53,243,10,76,493,2623,137,2080,15,84,0,0,161,358,0,0,0,0,375,2326,434,2823,9,78
1760637,681,8382,0,0,37,595,128,1220,140,1394,102,1110,110,1429,78,1331,52,728,34,571,30,801,513,4613,112,2698,9,76,0,96,12,85,0,0,0,9,294,3599,382,4673,0,110
1760638,1215,8496,0,7,93,599,212,1294,211,1571,253,1567,194,1301,124,1106,65,558,63,493,286,2312,63,247,302,3798,74,537,0,20,486,1571,0,0,0,7,582,4160,622,4234,11,102
1760639,3606,17600,0,14,298,1562,698,3441,709,3341,731,3204,599,2835,356,1993,157,900,58,310,173,1046,229,1131,761,7367,119,675,14,81,2309,7266,0,20,0,14,1779,8269,1797,9075,30,256
1760640,908,11897,0,18,27,367,95,1656,130,2389,147,1595,148,1917,158,1712,93,1042,109,1201,264,3341,185,804,213,6435,42,398,58,358,142,535,0,18,0,8,454,5183,398,5570,56,1144
1760641,1656,12558,0,15,134,929,303,2080,292,2370,332,2195,293,2115,202,1627,66,750,34,477,182,2153,37,228,371,5770,78,611,38,203,945,3531,0,50,0,12,807,5672,823,6705,26,181
1760642,222,3044,0,0,11,115,56,753,58,1008,21,388,18,306,22,256,14,137,21,78,40,785,26,276,49,1361,9,167,0,65,92,385,0,0,0,0,100,1279,106,1680,16,85
1760643,797,8978,0,11,25,422,86,873,99,1087,116,1373,160,1691,145,1763,73,1021,93,737,58,636,403,2676,275,5515,42,88,0,0,15,54,0,0,0,0,348,3859,416,4776,33,343
1760644,1338,9222,0,18,82,683,203,1263,209,1340,217,1436,211,1667,192,1588,121,762,102,465,61,255,825,4166,293,4032,36,284,0,23,116,453,0,0,0,7,609,3871,640,4667,89,684
1760645,1145,8151,0,11,72,598,193,1295,191,1217,169,1117,191,1261,167,1339,72,714,90,599,342,1865,165,635,160,3992,101,609,97,351,277,656,0,29,0,14,545,3609,590,4333,10,209
1760646,410,4562,0,7,16,264,33,490,55,704,71,735,61,837,59,608,41,466,74,451,150,1561,14,38,136,2233,22,289,27,158,57,253,0,21,0,9,183,2208,191,2178,36,176
1760647,1528,13434,0,10,108,777,251,3159,269,3645,250,1783,277,1532,178,1247,112,777,83,504,153,2848,65,530,323,6355,45,456,14,173,925,3042,0,18,0,12,754,5853,754,7214,20,367
1760649,883,8960,0,10,34,462,95,972,116,1202,108,1195,142,1683,151,1641,124,1081,113,714,12,143,708,4796,133,3846,15,78,0,14,13,74,0,8,0,0,376,3719,493,4871,14,370
1760651,1879,10480,0,19,172,881,327,1752,377,2015,365,1878,288,1631,189,1319,131,758,30,227,40,463,581,3042,353,4292,49,343,0,14,852,2313,0,6,0,7,860,4640,993,5610,26,230
1760652,1046,6711,0,8,70,484,173,994,177,1020,208,1131,169,1229,100,1026,54,422,95,397,54,537,240,1382,365,3771,35,177,0,14,348,826,0,0,0,0,470,2945,539,3462,37,304
1760653,591,7479,0,19,67,411,62,724,88,1044,96,1085,94,1288,95,1409,54,894,35,605,14,263,409,3604,135,3412,0,82,12,31,17,82,0,0,0,0,267,2938,302,3870,22,671
1760654,182,2440,0,0,0,57,39,622,53,842,28,304,35,254,17,235,0,82,0,44,73,867,38,170,37,1172,7,108,13,69,14,46,0,0,0,0,117,1139,63,1281,0,20
1760655,294,4596,0,0,6,135,62,614,65,998,60,1001,45,908,27,500,15,254,14,184,138,1500,32,170,100,2754,0,71,7,12,14,87,0,0,0,0,161,2697,132,1814,0,85
1760656,321,4004,0,0,7,195,58,501,64,724,55,776,63,690,44,601,17,268,13,248,140,1414,9,37,83,1905,26,205,17,107,41,294,0,39,0,0,157,2064,161,1874,0,66
1760657,416,7984,0,7,10,319,118,2134,83,1977,45,805,48,659,26,617,35,653,51,813,206,2830,30,173,84,4325,13,243,22,176,56,213,0,9,0,15,223,3484,187,4329,6,171
1760659,834,5478,0,9,61,473,145,883,143,971,139,795,134,857,112,798,45,410,55,282,167,1031,63,275,127,2564,87,537,144,463,232,542,7,48,7,18,404,2491,406,2873,24,114
1760660,500,5790,0,0,20,175,71,972,92,1135,62,803,113,1061,83,915,47,518,12,207,134,1433,81,375,86,3090,36,305,29,169,133,398,0,13,0,7,277,2647,222,2930,0,213
1760661,56,1069,0,0,0,14,25,316,16,478,8,118,0,65,0,45,0,27,0,0,24,337,0,55,13,523,0,50,6,76,6,26,0,0,0,0,27,482,29,575,0,12
1760680,6,127,0,0,0,8,0,8,0,17,0,24,0,28,0,29,0,12,0,0,0,18,0,58,0,39,0,0,0,0,0,7,0,0,0,0,0,55,0,71,0,0
1760706,468,4629,0,7,19,236,59,467,34,458,63,608,67,672,80,715,57,418,88,1048,229,2163,13,19,86,1685,16,196,39,194,78,300,0,67,0,0,227,1796,237,2683,0,150
1760707,856,7112,0,6,52,400,130,992,144,1078,151,1158,169,1287,111,1164,60,674,39,353,198,1979,72,469,180,2738,44,355,17,77,339,1452,0,36,0,6,388,3025,452,3942,16,145
1760712,191,2281,0,0,13,108,21,264,26,261,30,240,24,268,20,276,13,262,44,601,77,893,0,44,44,761,23,264,30,169,10,128,0,14,0,8,93,891,95,1273,0,117
1760714,938,6785,0,14,31,197,80,626,88,794,88,766,99,983,145,1140,125,854,281,1411,273,1493,18,81,270,3925,94,443,156,443,116,334,7,58,0,8,378,2573,534,3813,26,399
1760803,287,2636,0,0,12,134,42,383,50,419,58,391,56,482,44,435,17,270,8,121,46,615,45,310,126,1500,10,65,8,25,50,119,0,0,0,0,128,1093,158,1507,0,36
1760804,3078,13795,13,34,282,1312,539,2868,582,2498,648,2600,557,2093,320,1400,107,629,30,361,349,2098,61,302,736,4878,228,1409,0,32,1696,5067,0,0,0,0,1533,6321,1474,7132,71,342
1760805,248,2446,0,0,11,127,27,318,46,399,36,313,30,386,37,468,23,250,38,184,41,550,59,295,101,1475,12,33,0,14,33,77,0,0,0,0,108,1019,138,1392,0,35
1760827,407,3658,0,0,20,270,86,530,70,610,77,562,73,668,50,590,18,312,13,114,9,54,276,1722,98,1796,10,49,0,0,13,33,0,0,0,0,160,1395,243,2175,0,88
1760901,724,6582,0,14,79,397,149,871,104,926,128,981,104,1111,65,1107,40,618,55,557,221,2723,196,1448,77,1716,9,251,0,7,220,436,0,0,0,0,334,2894,384,3590,6,98
1760911,11,156,0,0,0,12,0,17,0,25,0,24,0,21,0,26,0,18,0,13,7,124,0,0,0,21,0,0,0,0,0,0,0,0,0,0,0,70,6,84,0,0
1760912,6,68,0,0,0,0,0,6,0,7,0,6,0,20,0,17,0,0,0,6,6,52,0,0,0,14,0,0,0,0,0,0,0,0,0,0,0,34,0,34,0,0
1760913,7,134,0,0,0,13,0,14,0,7,0,24,0,19,0,37,0,14,0,6,0,113,0,0,0,17,0,0,0,0,0,0,0,0,0,0,0,56,0,77,0,0
1760914,234,4310,0,0,17,262,35,564,47,588,32,619,41,770,26,674,27,544,9,287,134,2380,31,266,35,1448,8,111,0,25,23,78,0,0,0,0,87,1803,146,2480,0,27
1760915,91,1790,0,0,9,125,18,255,13,284,31,287,11,290,0,211,0,188,0,149,40,973,18,93,13,608,0,40,0,6,20,68,0,0,0,0,36,702,54,1073,0,15
1760919,7,49,0,0,0,0,0,8,0,6,0,0,0,8,0,7,0,10,0,6,7,42,0,0,0,6,0,0,0,0,0,0,0,0,0,0,0,23,0,25,0,0
1760922,19,320,0,0,0,22,0,42,0,38,0,59,0,54,8,54,0,32,0,19,13,242,0,9,0,65,0,0,0,0,0,0,0,0,0,0,13,144,0,173,0,0
1760927,54,606,0,0,0,19,0,37,0,42,0,42,0,66,0,73,0,71,31,256,50,243,0,0,0,351,0,11,0,0,0,0,0,0,0,0,9,169,44,435,0,0
1760928,7,68,0,0,0,0,0,0,0,12,0,9,0,16,0,10,0,8,0,7,7,54,0,0,0,14,0,0,0,0,0,0,0,0,0,0,0,33,0,35,0,0
1760930,7,73,0,0,0,0,0,12,0,10,0,10,0,6,0,11,0,12,0,9,0,61,0,0,0,12,0,0,0,0,0,0,0,0,0,0,0,23,0,50,0,0
1760931,6,54,0,0,0,0,0,0,0,8,0,11,0,13,0,7,0,0,0,0,6,38,0,0,0,11,0,0,0,0,0,0,0,0,0,0,0,22,0,32,0,0
1760936,11,559,0,0,0,43,0,56,0,85,0,85,0,71,0,101,0,63,0,55,10,284,0,0,0,264,0,0,0,0,0,0,0,0,0,0,0,231,7,315,0,13
1760938,8,300,0,0,0,9,0,27,0,29,0,26,0,45,0,65,0,54,0,45,0,160,0,0,0,124,0,0,0,0,0,13,0,0,0,0,0,142,0,157,0,0
1760940,22,380,0,0,0,29,0,53,0,32,8,66,0,69,0,71,0,37,0,23,17,270,0,0,0,92,0,8,0,0,0,0,0,0,0,0,14,142,8,235,0,0
1760941,7,195,0,0,0,11,0,19,0,13,0,34,0,36,0,27,0,43,0,12,7,157,0,0,0,34,0,0,0,0,0,0,0,0,0,0,0,84,6,109,0,0
1760942,10,713,0,0,0,65,0,90,0,93,0,72,0,120,0,118,0,79,0,76,0,552,0,9,0,85,0,19,0,0,6,46,0,0,0,0,6,290,0,390,0,33
1760950,116,2331,0,0,8,154,13,164,6,149,16,206,15,310,11,365,16,416,31,567,79,1786,9,73,23,389,0,40,0,0,0,39,0,0,0,0,65,1404,51,906,0,21
1760953,6,221,0,0,0,26,0,22,0,19,0,26,0,39,0,46,0,26,0,17,6,175,0,0,0,40,0,0,0,0,0,0,0,0,0,0,0,75,6,142,0,0
1760954,50,1269,0,0,0,51,13,161,8,157,6,154,6,268,9,246,0,157,0,75,26,743,6,78,7,323,0,27,0,0,11,96,0,0,0,0,25,575,25,643,0,51
1760955,16,182,0,0,0,30,0,24,0,24,0,26,0,26,0,19,0,19,0,14,0,101,0,0,0,36,0,11,0,0,12,31,0,0,0,0,6,91,9,90,0,0
1760957,14,568,0,0,0,50,0,93,0,68,0,95,0,82,0,77,0,59,0,42,11,454,0,7,0,82,0,9,0,0,0,15,0,0,0,0,0,231,9,326,0,11
1760958,25,305,0,0,0,17,6,35,0,49,0,37,0,67,0,64,0,15,0,21,0,27,18,190,0,65,0,0,0,0,0,17,0,0,0,0,12,129,13,174,0,0
1760964,42,655,0,0,0,45,0,65,7,81,0,100,9,107,8,123,0,93,0,41,17,398,13,84,0,130,0,18,0,0,6,24,0,0,0,0,19,286,23,363,0,6
1760970,21,759,0,0,0,46,0,83,0,84,0,89,0,117,0,126,0,100,0,114,20,570,0,8,0,146,0,15,0,0,0,19,0,0,0,0,8,323,12,427,0,9
1761008,497,4410,0,8,56,469,80,775,84,625,85,647,76,604,51,475,26,330,39,477,152,1088,10,41,7,2826,14,36,0,9,308,409,0,0,0,0,234,1655,259,2487,0,268
1761010,31,967,0,0,0,98,7,140,0,153,0,121,0,132,0,97,0,97,0,128,16,207,0,0,15,751,0,6,0,0,0,0,0,0,0,0,16,255,14,276,0,436
1761011,12,213,0,0,0,16,0,29,0,21,0,24,0,33,0,38,0,40,0,12,10,67,0,0,0,143,0,0,0,0,0,0,0,0,0,0,7,101,0,103,0,9
1761012,24,199,0,0,0,36,10,41,0,33,6,36,0,28,0,9,0,15,0,0,9,53,0,0,0,99,0,0,0,0,14,43,0,0,0,0,12,90,12,104,0,0
1761016,48,533,0,0,0,39,6,65,8,59,13,79,9,101,0,93,0,65,0,31,22,157,0,8,0,338,0,0,0,0,16,22,0,0,0,0,16,210,32,261,0,62
1761019,13,283,0,0,0,34,0,30,0,30,0,33,0,51,0,39,0,46,0,19,6,163,0,0,6,108,0,0,0,0,0,7,0,0,0,0,7,100,6,174,0,9
1761020,18,269,0,0,0,27,0,43,0,43,7,62,6,53,0,35,0,0,0,0,0,76,0,0,12,185,0,0,0,0,0,7,0,0,0,0,6,98,12,159,0,12
1761021,97,2004,0,0,10,155,17,286,11,274,20,299,19,304,17,356,0,153,0,177,57,390,0,10,33,1557,0,15,0,0,0,30,0,0,0,0,71,848,26,1132,0,24
1761024,8,308,0,0,0,42,0,44,0,24,0,28,0,44,0,52,0,32,0,42,8,209,0,0,0,91,0,0,0,0,0,0,0,0,0,0,0,113,6,178,0,17
1761025,7,275,0,0,0,27,0,31,0,21,0,37,0,48,0,36,0,37,0,38,0,98,0,0,0,168,0,0,0,0,0,7,0,0,0,0,0,91,0,142,0,42
1761032,242,4134,0,11,24,301,53,510,49,586,34,385,39,616,24,579,11,397,8,749,46,1173,24,166,115,2642,0,31,0,8,53,113,0,0,0,0,112,1381,107,2378,23,375
1761036,19,824,0,0,0,42,0,76,0,75,0,69,0,105,0,174,0,174,0,104,0,217,0,0,11,596,0,0,0,0,0,6,0,0,0,0,12,301,6,449,0,74
1761041,6,80,0,0,0,0,0,0,0,7,0,7,0,11,0,22,0,19,0,7,6,15,0,0,0,63,0,0,0,0,0,0,0,0,0,0,0,32,0,47,0,0
1761048,6,253,0,0,0,19,0,38,0,40,0,27,0,45,0,39,0,24,0,21,0,103,0,0,0,144,0,0,0,0,0,0,0,0,0,0,0,97,0,140,0,16
1761054,13,298,0,0,0,16,0,38,0,54,0,53,0,51,0,36,0,32,0,18,0,65,0,0,9,226,0,0,0,0,0,6,0,0,0,0,6,131,7,157,0,10
1761061,17,539,0,0,0,51,6,82,0,64,0,63,0,83,0,67,0,66,0,62,9,171,0,0,8,357,0,0,0,0,0,0,0,0,0,0,7,222,10,287,0,30
1761063,12,337,0,0,0,45,0,39,0,51,0,40,0,69,0,63,0,16,0,14,10,171,0,0,0,158,0,0,0,0,0,0,0,0,0,0,7,141,0,170,0,26
1761064,10,206,0,0,0,13,0,36,0,32,0,22,0,26,0,49,0,21,0,6,0,59,0,0,0,147,0,0,0,0,0,0,0,0,0,0,0,75,7,129,0,0
1761065,80,970,0,0,11,110,18,138,10,132,22,213,12,189,0,121,0,47,0,20,35,279,0,11,0,613,0,10,0,0,37,53,0,0,0,0,39,422,41,521,0,27
1761068,160,1675,0,0,14,140,32,299,34,261,29,258,31,302,16,217,0,95,0,102,16,308,0,8,87,1255,0,18,0,0,56,84,0,0,0,0,72,682,82,883,6,110
1761071,47,621,0,0,0,54,0,106,6,88,0,76,13,122,11,106,0,51,0,18,27,256,0,0,0,292,0,0,0,0,15,65,0,0,0,0,24,224,23,365,0,32
1761072,42,891,0,0,8,119,11,122,0,128,8,151,0,136,0,125,0,82,0,28,30,321,0,10,0,540,0,0,0,0,6,15,0,0,0,0,21,342,21,527,0,22
1761073,87,1674,0,0,12,209,16,234,11,223,18,271,16,270,8,203,0,145,0,117,53,574,0,11,13,1044,0,6,0,6,15,31,0,0,0,0,48,768,39,850,0,56
1761080,62,755,0,0,0,101,11,109,12,126,14,138,12,136,6,85,0,30,0,30,19,201,0,6,14,490,0,6,0,0,21,45,0,0,0,0,26,331,36,392,0,32
1761081,97,1158,0,0,7,85,14,150,12,174,10,139,16,179,10,168,0,103,25,160,57,599,0,9,6,442,0,10,0,0,28,94,0,0,0,0,39,454,56,653,0,51
1761084,12,188,0,0,0,15,0,26,0,35,0,28,0,29,0,40,0,9,0,6,0,76,0,0,6,109,0,0,0,0,0,0,0,0,0,0,0,88,7,95,0,0
1761085,8,220,0,0,0,16,0,18,0,24,0,34,0,30,0,43,0,29,0,26,0,64,0,0,0,152,0,0,0,0,0,0,0,0,0,0,0,89,0,115,0,16
1761088,13,500,0,0,0,52,0,50,0,57,0,56,0,117,0,85,0,42,0,41,11,232,0,0,0,256,0,0,0,0,0,0,0,0,0,0,6,197,7,254,0,49
1761101,352,3290,0,0,68,403,79,529,51,479,64,501,49,530,20,399,14,283,7,165,57,636,150,314,32,2021,9,38,0,6,102,273,0,0,0,0,156,1187,192,1706,0,397
1761102,305,2676,0,0,69,371,59,469,51,419,35,391,46,441,25,339,12,152,8,94,32,358,144,237,24,1749,0,19,0,0,102,310,0,0,0,0,122,973,182,1369,0,334
1761103,338,4357,0,0,34,421,64,629,60,661,38,561,46,732,39,636,32,364,25,350,126,948,123,320,28,2850,0,27,0,0,59,209,0,0,0,0,140,1681,194,2398,0,278
1761104,350,2405,0,0,71,312,94,559,53,407,56,406,46,328,19,235,6,108,0,49,47,337,115,122,35,1649,0,37,16,13,134,244,0,0,0,0,148,944,200,1236,0,225
1761107,301,4208,0,0,26,389,52,598,42,625,32,577,35,593,28,610,24,438,62,375,131,727,46,86,51,3172,8,47,7,28,56,144,0,0,0,0,125,1706,173,2345,0,157
1761108,469,4358,0,6,39,397,73,765,73,637,68,659,64,657,74,601,46,394,32,242,185,951,78,187,39,2791,0,54,14,36,150,337,0,0,0,0,224,1740,242,2339,0,279
1761109,318,3353,0,0,45,405,88,674,54,523,60,524,29,528,26,343,9,249,7,106,74,691,68,103,20,2154,6,61,12,13,138,327,0,0,0,0,138,1338,179,1813,0,202
1761111,128,2630,0,0,9,243,23,441,25,424,20,385,22,456,22,380,0,170,0,130,84,768,19,46,9,1714,0,19,0,14,12,65,0,0,0,0,44,1028,83,1474,0,128
1761114,126,2122,0,0,12,163,30,310,19,261,18,233,22,326,15,352,7,263,0,213,40,496,31,76,14,1436,0,15,8,23,32,75,0,0,0,0,51,817,74,1121,0,184
1761115,150,2306,0,0,18,208,37,383,22,346,26,325,16,409,20,343,8,180,0,111,96,819,20,24,9,1353,0,22,8,16,17,70,0,0,0,0,68,980,82,1231,0,95
1761201,308,4766,0,19,23,366,51,598,53,586,40,641,45,629,40,784,29,585,27,558,104,1622,64,427,64,2366,0,85,27,46,46,217,0,0,0,0,149,1837,151,2656,8,273
1761231,6,396,0,0,0,22,0,45,0,48,0,40,0,55,0,77,0,55,0,51,0,230,0,0,0,160,0,6,0,0,0,0,0,0,0,0,0,150,0,229,0,17
1761235,8,141,0,0,0,9,0,12,0,14,0,23,0,29,0,27,0,18,0,9,7,38,0,0,0,101,0,0,0,0,0,0,0,0,0,0,0,79,0,61,0,0
1761238,8,269,0,0,0,13,0,32,0,30,0,37,0,46,0,32,0,41,0,38,6,72,0,0,0,188,0,0,0,0,0,0,0,0,0,0,0,88,6,178,0,0
1761239,8,129,0,0,0,10,0,22,0,18,0,18,0,20,0,21,0,13,0,7,0,51,0,9,0,62,0,0,0,0,0,6,0,0,0,0,0,46,0,80,0,0
1761240,21,680,0,0,0,59,9,80,0,71,0,97,0,103,0,98,0,122,0,47,13,319,0,0,8,343,0,6,0,0,0,9,0,0,0,0,9,263,12,393,0,24
1761241,19,702,0,0,0,45,0,94,0,90,0,90,0,150,0,102,0,91,0,38,13,324,0,0,0,354,0,7,0,0,0,16,0,0,0,0,8,273,11,414,0,15
1761244,288,3896,0,0,12,244,60,531,64,506,59,444,51,521,22,490,10,449,10,706,54,1441,74,242,68,1857,0,60,18,51,71,239,0,0,0,0,189,1518,96,2275,0,103
1761252,29,348,0,0,0,15,0,39,0,32,0,47,0,50,0,49,0,25,12,91,27,162,0,0,0,179,0,6,0,0,0,0,0,0,0,0,8,114,21,223,0,11
1761254,23,1080,0,0,0,54,8,136,0,111,0,125,8,183,0,136,0,152,0,182,17,253,0,0,0,820,0,0,0,0,0,0,0,0,0,0,13,465,10,602,0,13
1761256,7,202,0,0,0,11,0,16,0,32,0,22,0,37,0,34,0,32,0,16,0,96,0,0,0,98,0,0,0,0,0,6,0,0,0,0,0,82,0,114,0,6
1761264,38,1119,0,0,6,77,6,110,0,105,0,131,0,190,6,239,0,149,6,114,24,551,0,21,8,515,0,13,0,0,0,14,0,0,0,0,15,430,23,651,0,38
1761265,342,5620,0,15,16,372,81,845,65,856,54,721,57,775,39,837,18,609,12,590,110,2345,34,236,77,2460,8,112,13,34,99,426,0,0,0,0,166,2173,172,3296,0,151
1761270,13,465,0,0,0,35,0,51,0,63,0,50,0,58,0,70,0,45,0,92,10,89,0,0,0,374,0,0,0,0,0,0,0,0,0,0,0,177,8,274,0,14
1761273,9,294,0,0,0,24,0,34,0,44,0,47,0,53,0,41,0,29,0,21,7,126,0,0,0,157,0,6,0,0,0,0,0,0,0,0,7,142,0,150,0,0
1761275,17,364,0,0,0,32,0,23,0,78,0,43,0,49,0,65,0,51,0,21,8,150,0,0,6,200,0,0,0,0,0,6,0,0,0,0,8,163,9,193,0,8
1761282,64,1270,0,0,0,79,10,141,10,142,10,151,10,170,6,177,8,185,0,222,26,563,0,60,17,547,0,23,0,0,12,69,0,0,0,0,30,464,34,784,0,22
1761284,8,194,0,0,0,10,0,24,0,15,0,14,0,36,0,35,0,36,0,24,0,94,0,0,0,93,0,0,0,0,0,0,0,0,0,0,0,82,0,105,0,7
1761301,7,905,0,0,0,31,0,99,0,82,0,89,0,128,0,109,0,90,0,276,0,468,0,0,0,397,0,9,0,0,0,28,0,0,0,0,0,367,0,316,0,222
1761314,6,56,0,0,0,9,0,0,0,8,0,0,0,14,0,10,0,9,0,0,0,26,0,0,0,30,0,0,0,0,0,0,0,0,0,0,0,18,0,35,0,0
1761341,47,994,0,0,0,62,6,149,0,126,0,138,6,182,14,159,0,96,11,82,40,507,0,0,0,454,0,6,0,0,0,20,0,0,0,0,19,316,28,617,0,61
1761342,23,479,0,0,0,30,0,59,0,52,0,93,8,75,0,53,0,45,0,72,6,236,0,0,0,183,0,13,0,0,16,47,0,0,0,0,12,188,11,264,0,27
1761350,41,2329,0,0,0,118,7,276,0,244,8,232,7,343,7,297,0,309,0,509,23,1400,0,16,0,797,0,22,0,9,13,84,0,0,0,0,20,768,21,1440,0,121
1761354,8,701,0,0,0,26,0,95,0,101,0,89,0,100,0,104,0,66,0,119,6,404,0,0,0,257,0,7,0,0,0,22,0,0,0,0,0,221,0,398,0,82
1761356,10,994,0,0,0,40,0,109,0,107,0,119,0,146,0,149,0,117,0,207,8,267,0,0,0,694,0,17,0,0,0,10,0,0,0,0,7,292,0,599,0,103
1761360,9,171,0,0,0,13,0,25,0,30,0,21,0,29,0,30,0,16,0,7,6,73,0,0,0,93,0,0,0,0,0,0,0,0,0,0,0,79,6,91,0,0
1761362,6,667,0,0,0,42,0,77,0,103,0,68,0,125,0,108,0,73,0,71,0,163,0,0,0,474,0,0,0,0,0,21,0,0,0,0,0,169,0,454,0,44
1761364,9,1415,0,0,0,100,0,270,0,210,0,206,0,182,0,181,0,123,0,143,0,778,0,13,0,526,0,11,0,0,0,87,0,0,0,0,0,473,0,822,0,120
1761401,133,2852,0,0,8,208,24,419,30,416,22,403,26,414,14,418,0,303,0,271,53,1008,59,71,0,1708,0,28,0,0,19,34,0,0,0,0,72,1150,61,1528,0,174
1761410,8,173,0,0,0,15,0,28,0,30,0,33,0,32,0,15,0,16,0,0,8,81,0,0,0,90,0,0,0,0,0,0,0,0,0,0,0,70,6,100,0,0
1761443,20,792,0,0,0,89,0,131,0,119,0,109,7,125,0,105,0,80,0,33,0,205,0,12,0,544,0,11,0,0,10,17,0,0,0,0,10,278,10,496,0,18
1761455,88,1505,0,0,0,104,29,296,0,178,6,122,7,186,7,174,10,185,24,259,63,1002,19,17,0,464,0,12,0,0,0,9,0,0,0,0,31,583,56,860,0,62
1761462,119,901,0,0,0,57,22,162,34,178,28,153,21,157,12,107,0,63,0,24,26,321,7,10,11,449,0,19,13,0,62,97,0,0,0,0,57,398,59,442,0,61
1761469,7,153,0,0,0,9,0,19,0,20,0,31,0,33,0,27,0,9,0,0,6,119,0,0,0,33,0,0,0,0,0,0,0,0,0,0,0,46,0,102,0,0
1761523,7,1248,0,0,0,87,0,142,0,128,0,139,0,183,0,201,0,165,0,202,6,697,0,0,0,540,0,0,0,0,0,0,0,0,0,0,0,464,0,718,0,66
1761525,30,947,0,0,7,136,0,102,7,175,6,162,0,132,0,116,0,89,0,35,27,323,0,17,0,564,0,18,0,17,0,6,0,0,0,0,15,419,15,482,0,46
1761547,8,321,0,0,0,25,0,34,0,25,0,50,0,61,0,70,0,28,0,28,8,130,0,0,0,189,0,0,0,0,0,0,0,0,0,0,0,134,6,169,0,18
1761548,16,933,0,0,0,89,0,80,0,126,0,138,6,152,0,151,0,124,0,73,10,422,0,6,0,492,0,0,0,0,0,0,0,0,0,0,7,403,9,494,0,36
1761550,26,2141,0,0,0,141,7,237,0,292,0,277,6,326,0,379,0,259,0,230,22,632,0,0,0,1486,0,6,0,0,0,8,0,0,0,0,13,808,12,1249,0,84
1761554,47,4439,0,0,0,211,8,474,9,556,0,570,11,733,6,825,7,674,0,396,43,1816,0,14,0,2567,0,21,0,0,0,16,0,0,0,0,27,1788,20,2406,0,245
1761568,6,306,0,0,0,25,0,28,0,32,0,39,0,50,0,66,0,37,0,29,0,134,0,0,0,166,0,0,0,0,0,0,0,0,0,0,0,131,0,164,0,11
1761571,33,2434,0,0,0,177,0,269,0,275,0,283,0,314,0,342,6,360,13,414,27,1143,0,8,0,1246,0,12,0,0,0,18,0,0,0,0,8,865,24,1374,0,195
1761602,8,221,0,0,0,10,0,48,0,39,0,31,0,46,0,38,0,7,0,0,0,61,0,23,0,133,0,0,0,0,0,0,0,0,0,0,8,152,0,62,0,7
1761603,116,2276,0,0,27,243,19,325,31,371,24,378,0,359,9,392,0,165,0,43,6,419,25,257,9,1482,0,47,6,0,68,67,0,0,0,0,53,889,59,1262,0,125
1761604,95,3872,0,7,11,253,22,538,23,576,17,486,8,641,9,676,0,449,0,246,21,1025,36,436,0,2301,0,49,0,11,32,44,0,0,0,0,37,1548,58,2132,0,192
1761605,80,1819,0,0,9,139,23,246,22,251,11,244,11,306,0,319,0,221,0,92,8,272,27,424,6,1061,0,25,0,0,39,37,0,0,0,0,31,674,49,1060,0,85
1761606,20,552,0,0,7,49,0,128,0,85,0,72,0,72,0,87,0,40,0,17,10,126,0,52,0,355,0,0,0,0,0,12,0,0,0,0,6,240,14,287,0,25
1761607,12,987,0,0,0,48,0,123,0,111,0,153,0,165,0,173,0,121,0,93,8,426,0,15,0,526,0,10,0,0,0,6,0,0,0,0,0,384,6,553,0,50
1761610,8,489,0,0,0,30,0,57,0,69,0,48,0,106,0,86,0,45,0,48,8,242,0,0,0,238,0,0,0,0,0,0,0,0,0,0,0,183,0,281,0,25
1761611,36,2474,0,0,0,141,0,301,0,331,0,275,9,405,0,403,0,360,6,258,29,1115,0,23,6,1292,0,21,0,6,0,17,0,0,0,0,22,943,14,1363,0,168
1761614,147,3943,0,0,7,230,17,478,19,479,15,491,8,508,13,622,18,553,50,581,86,1280,36,217,0,2361,0,40,0,18,17,26,0,0,0,0,66,1460,80,2168,0,315
1761615,56,3209,0,0,0,231,17,547,7,417,0,425,13,494,0,392,0,363,0,339,38,1089,12,295,0,1704,0,44,0,51,0,26,0,0,0,0,22,1219,34,1876,0,114
1761616,11,1081,0,0,0,50,6,138,0,159,0,142,0,178,0,222,0,123,0,69,6,230,0,23,0,813,0,9,0,0,0,6,0,0,0,0,6,401,0,619,0,61
1761701,75,4121,0,0,6,248,12,597,9,659,14,535,13,723,11,699,6,398,0,260,34,992,21,138,6,2921,0,26,0,9,13,32,0,0,0,0,25,1461,46,2288,0,372
1761704,90,3158,0,0,0,253,16,485,11,434,9,373,11,551,13,528,14,346,12,187,51,813,19,85,7,2158,0,30,0,42,8,24,0,0,0,6,34,1285,54,1599,0,274
1761705,21,1352,0,0,0,123,0,153,0,187,0,202,0,185,0,250,0,144,0,107,12,348,6,29,0,950,0,10,0,6,0,9,0,0,0,0,0,524,15,728,0,100
1761726,6,209,0,0,0,11,0,23,0,23,0,23,0,42,0,47,0,29,0,11,6,101,0,0,0,103,0,0,0,0,0,0,0,0,0,0,0,73,0,118,0,18
1761727,10,639,0,0,0,74,0,84,0,85,0,60,0,109,0,99,0,84,0,44,7,301,0,0,0,325,0,9,0,0,0,0,0,0,0,0,0,239,8,373,0,27
1761729,6,88,0,0,0,0,0,12,0,10,0,6,0,13,0,17,0,23,0,0,0,32,0,0,0,55,0,0,0,0,0,0,0,0,0,0,0,36,0,50,0,0
1761739,6,456,0,0,0,39,0,58,0,42,0,23,0,52,0,77,0,46,0,119,6,278,0,0,0,170,0,0,0,0,0,0,0,0,0,0,0,147,0,276,0,33
1761745,8,343,0,0,0,32,0,32,0,38,0,66,0,53,0,68,0,46,0,8,6,103,0,0,0,235,0,0,0,0,0,0,0,0,0,0,0,125,0,189,0,29
1761761,79,3925,0,0,0,301,41,721,7,508,10,505,0,568,8,558,0,445,0,319,40,1193,21,128,11,2502,0,31,0,35,7,34,0,0,0,0,34,1473,43,2169,0,283
1761764,23,1184,0,0,0,94,0,139,0,160,0,122,0,163,0,179,0,112,0,210,17,512,0,17,0,633,0,9,0,0,0,13,0,0,0,0,14,396,9,605,0,183
1761801,61,3994,0,13,10,368,18,921,16,739,0,487,0,522,0,478,0,300,0,166,16,2278,16,695,0,429,6,201,0,203,18,179,0,0,0,0,34,1792,27,2165,0,37
1761802,135,4193,0,0,25,375,25,578,34,674,24,549,9,537,11,525,0,401,0,551,26,2394,28,818,0,314,0,153,0,120,68,389,0,0,0,0,75,1647,60,2522,0,24
1761820,151,4300,0,0,33,402,63,1322,27,787,13,500,9,440,0,471,0,238,0,137,25,2166,39,882,10,518,9,203,0,188,65,333,0,0,0,7,87,1988,64,2278,0,34
1761821,181,6470,0,6,43,734,45,1009,33,1138,32,926,14,894,9,841,0,537,0,385,41,3977,71,1326,7,412,0,231,0,162,54,350,0,0,0,7,85,2653,96,3773,0,44
1761822,81,4677,0,0,13,577,20,663,13,696,11,671,17,708,0,740,0,412,0,208,40,3112,24,566,0,329,0,209,7,280,0,174,0,0,0,0,38,2074,43,2577,0,26
1761832,44,2990,0,0,0,187,12,420,8,404,0,351,0,407,0,471,0,410,0,335,20,1782,19,565,0,472,0,82,0,13,0,75,0,0,0,0,18,1150,26,1688,0,152
1761834,6,588,0,0,0,44,0,67,0,47,0,63,0,102,0,120,0,86,0,59,6,492,0,19,0,42,0,20,0,0,0,9,0,0,0,0,0,251,0,330,0,7
1761842,7,319,0,0,0,23,0,44,0,40,0,40,0,52,0,48,0,34,0,37,0,205,0,0,0,82,0,0,0,0,0,25,0,0,0,0,0,127,0,185,0,7
1761843,19,535,0,0,0,96,0,77,0,85,0,69,0,72,0,61,0,40,0,35,19,485,0,0,0,32,0,11,0,0,0,0,0,0,0,0,10,229,9,302,0,0
1761853,66,3247,0,0,34,718,0,328,0,431,10,571,0,473,6,395,0,186,0,143,61,2909,0,38,0,153,0,71,0,28,0,45,0,0,0,0,33,1394,32,1843,0,10
1761856,11,1129,0,0,0,93,0,109,0,142,0,158,0,124,0,161,0,155,0,187,11,915,0,0,0,169,0,29,0,0,0,13,0,0,0,0,6,451,0,670,0,8
1761866,205,2889,0,37,39,334,45,507,53,502,35,417,23,421,9,330,0,192,0,149,19,1349,27,449,6,255,0,113,0,16,147,703,0,0,0,0,118,1304,87,1559,0,26
1761873,16,917,0,0,0,118,0,102,0,108,0,155,0,167,0,133,0,81,0,52,15,821,0,0,0,49,0,25,0,9,0,8,0,0,0,0,0,399,11,515,0,0
1761874,41,2155,0,0,0,217,0,187,0,294,7,268,0,209,0,260,0,233,16,486,25,1541,8,163,6,237,0,95,0,81,0,37,0,0,0,0,15,824,20,1251,6,80
1761880,13,667,0,0,0,92,0,88,0,115,0,91,0,115,0,88,0,55,0,23,11,588,0,8,0,40,0,14,0,0,0,12,0,0,0,0,0,283,8,382,0,0
1761884,6,174,0,0,0,15,0,22,0,29,0,17,0,29,0,29,0,19,0,14,6,151,0,0,0,15,0,0,0,0,0,0,0,0,0,0,0,74,0,100,0,0
1761910,20,456,0,0,0,20,0,45,0,46,0,35,7,62,0,111,0,85,0,49,19,376,0,0,0,42,0,14,0,0,0,22,0,0,0,0,13,200,7,251,0,0
1761911,10,247,0,0,0,33,0,31,0,32,0,22,0,44,0,31,0,30,0,24,10,209,0,0,0,22,0,10,0,0,0,0,0,0,0,0,7,125,0,119,0,0
1761920,112,2726,0,0,0,170,17,432,6,345,9,338,16,434,18,398,15,348,26,260,104,2275,6,117,0,211,0,83,0,21,0,19,0,0,0,0,39,1056,73,1648,0,22
1761938,60,3310,0,0,13,234,10,452,12,419,12,339,0,467,0,524,0,452,0,422,51,2896,6,93,0,207,0,84,0,11,0,17,0,0,0,0,26,1242,34,2039,0,29
1761944,13,675,0,0,0,47,0,64,0,65,0,116,0,97,0,148,0,100,0,38,7,207,0,0,0,449,0,14,0,0,0,0,0,0,0,0,0,279,0,391,6,0
1761951,9,855,0,0,0,57,0,90,0,100,0,94,0,110,0,162,0,130,0,112,8,606,0,0,0,120,0,121,0,0,0,0,0,0,0,0,0,309,0,539,0,7
1761953,18,721,0,0,0,68,0,100,0,102,0,94,0,114,0,118,0,66,0,58,8,619,0,0,0,51,0,21,0,0,8,25,0,0,0,0,8,273,9,445,0,0
1761956,6,390,0,0,0,52,0,32,0,51,0,54,0,61,0,61,0,48,0,31,6,349,0,0,0,26,0,0,0,0,0,10,0,0,0,0,0,152,0,238,0,0
1762002,175,2149,0,0,0,148,25,282,24,307,20,300,22,350,26,387,19,199,34,172,69,645,53,301,45,923,7,264,0,0,0,9,0,0,0,0,50,777,96,1324,29,48
1762010,47,482,0,0,8,25,10,74,9,65,0,72,9,87,0,83,0,57,0,19,18,180,0,0,7,234,0,62,0,0,17,0,0,0,0,0,23,192,21,285,0,0
1762012,16,455,0,0,0,22,0,41,0,57,0,46,0,97,0,79,0,59,0,53,11,240,0,0,0,180,0,31,0,0,0,0,0,0,0,0,6,172,10,262,0,21
1762018,12,189,0,0,0,14,0,22,0,21,0,13,0,44,0,34,0,32,0,9,0,77,0,0,0,74,0,34,0,0,0,0,0,0,0,0,0,79,11,106,0,0
1762024,17,473,0,0,0,28,0,53,0,69,0,66,0,69,0,81,0,56,0,51,13,187,0,13,0,181,0,88,0,0,0,0,0,0,0,0,0,187,13,280,0,6
1762025,150,2151,0,0,0,158,19,374,20,273,14,245,19,308,24,347,25,269,24,175,76,897,12,107,21,746,36,389,0,0,0,8,0,0,0,0,64,912,85,1224,0,15
1762033,7,544,0,0,0,32,0,64,0,75,0,81,0,71,0,102,0,58,0,61,0,434,0,0,0,92,0,9,0,0,0,0,0,0,0,0,0,175,0,364,0,0
1762034,85,1340,0,0,0,86,12,197,6,148,0,146,0,157,0,161,6,101,45,344,54,640,11,100,0,392,15,190,0,11,0,6,0,0,0,0,30,388,55,929,0,23
1762035,58,1613,0,0,0,45,14,245,8,246,8,208,15,294,6,300,0,192,0,83,33,432,10,90,14,973,0,104,0,0,0,13,0,0,0,0,19,771,36,803,0,39
1762040,193,3303,0,7,26,312,44,473,33,489,25,465,33,542,20,506,10,278,0,231,74,1144,37,149,22,1422,7,381,0,0,50,200,0,0,0,0,81,1336,112,1911,0,56
1762049,9,1031,0,0,0,30,0,104,0,105,0,93,0,126,0,154,0,154,0,264,7,580,0,8,0,428,0,8,0,0,0,7,0,0,0,0,0,367,0,605,0,59
1762052,20,984,0,0,0,47,0,113,0,105,0,107,0,149,0,138,0,126,0,198,19,157,0,0,0,797,0,29,0,0,0,0,0,0,0,0,7,335,13,642,0,7
1762056,31,1219,0,0,0,132,7,122,0,153,0,138,7,189,0,207,0,119,0,158,21,701,0,0,10,498,0,10,0,0,0,6,0,0,0,0,11,415,19,677,0,127
1762059,7,54,0,0,0,0,0,10,0,9,0,7,0,7,0,15,0,0,0,0,0,0,0,19,0,27,0,0,0,0,0,0,0,0,0,0,0,17,0,36,0,0
1762060,49,468,0,0,9,56,7,63,7,61,10,71,7,93,6,67,0,47,0,10,0,26,32,91,0,279,0,39,0,0,10,33,0,0,0,0,23,186,25,274,0,8
1762062,20,1384,0,0,0,99,0,220,0,163,0,140,6,175,0,138,0,156,0,292,12,820,0,56,0,302,0,194,0,0,0,10,0,0,0,0,8,355,12,928,0,101
1762067,8,140,0,0,0,11,0,19,0,18,0,17,0,27,0,24,0,13,0,11,6,74,0,0,0,54,0,12,0,0,0,0,0,0,0,0,0,70,0,70,0,0
1762069,11,260,0,0,0,23,0,23,0,44,0,43,6,50,0,35,0,26,0,16,8,191,0,0,0,61,0,7,0,0,0,0,0,0,0,0,0,95,7,155,0,10
1762088,8,780,0,0,0,87,0,84,0,88,0,91,0,89,0,84,0,73,0,184,6,565,0,0,0,194,0,9,0,0,0,9,0,0,0,0,0,203,6,475,0,102
1762090,14,126,0,0,0,13,6,21,0,8,0,10,0,19,0,29,0,16,0,10,0,0,11,19,0,98,0,6,0,0,0,0,0,0,0,0,0,32,13,92,0,0
1762095,28,592,0,0,0,30,0,95,8,89,0,84,7,95,0,99,0,72,0,28,20,237,0,9,0,235,0,111,0,0,0,0,0,0,0,0,14,255,13,328,0,9
1762201,136,1039,0,6,30,190,27,206,22,155,20,162,20,154,11,93,0,53,0,20,10,106,19,96,7,312,0,60,0,0,97,464,0,0,0,0,61,481,75,547,0,11
1762203,77,692,0,0,8,92,15,77,15,101,12,91,10,117,7,96,7,97,0,21,0,13,72,255,0,357,0,60,0,0,0,6,0,0,0,0,31,296,46,382,0,14
1762204,75,640,0,0,0,71,12,76,11,82,22,84,13,137,8,102,0,63,0,25,0,11,65,209,0,381,0,32,0,0,0,6,0,0,0,0,28,266,47,364,0,10
1762205,91,909,0,0,7,95,17,108,20,132,15,131,12,161,11,153,6,86,0,42,0,10,83,373,7,461,0,58,0,0,0,7,0,0,0,0,26,347,65,542,0,20
1762206,213,1470,0,0,23,144,50,288,34,252,37,266,39,227,17,159,8,82,0,49,17,162,182,629,11,564,0,94,0,0,0,18,0,0,0,0,80,562,133,865,0,43
1762207,119,758,0,0,16,133,19,95,16,101,22,118,22,126,12,101,7,58,0,25,0,22,106,319,9,349,0,64,0,0,0,0,0,0,0,0,51,306,68,439,0,13
1762208,120,1369,0,0,13,119,14,208,17,203,23,207,13,259,27,196,6,87,6,85,25,370,63,231,19,617,10,124,0,6,0,21,0,0,0,0,54,568,62,768,0,33
1762215,7,138,0,0,0,10,0,32,0,25,0,33,0,14,0,11,0,0,0,9,0,105,0,0,0,21,0,10,0,0,0,0,0,0,0,0,0,42,0,86,0,10
1762216,7,263,0,0,0,12,0,39,0,32,0,29,0,37,0,37,0,26,0,51,6,195,0,0,0,53,0,15,0,0,0,0,0,0,0,0,0,102,0,156,0,0
1762217,9,62,0,0,0,11,0,11,0,0,0,10,0,9,0,8,0,0,0,0,9,42,0,0,0,17,0,0,0,0,0,0,0,0,0,0,0,30,0,28,0,0
1762220,210,1460,0,10,13,154,24,243,20,267,25,239,23,176,19,169,29,101,57,101,74,521,74,183,54,594,7,143,0,0,0,16,0,0,0,0,79,616,130,765,0,79
1762221,198,1823,0,7,32,177,38,341,39,306,28,287,35,312,14,224,7,114,0,55,39,469,92,319,47,825,16,185,0,6,0,17,0,0,0,0,66,697,122,1079,10,47
1762223,80,1338,0,0,0,89,13,157,18,195,12,200,16,222,7,206,7,125,0,142,21,313,42,169,14,684,0,152,0,0,0,17,0,0,0,0,28,401,49,680,0,257
1762226,242,2434,0,9,18,187,42,350,29,353,25,352,43,447,35,373,30,168,20,195,68,538,109,381,45,1273,12,228,0,0,0,11,0,0,0,0,95,893,142,1434,0,107
1762230,28,556,0,0,9,46,9,104,0,63,0,64,0,77,0,49,0,47,0,105,15,425,0,0,0,105,0,20,0,0,6,6,0,0,0,0,13,172,15,358,0,26
1762231,88,759,0,0,0,53,0,86,7,93,6,64,0,95,9,99,10,80,46,187,77,604,0,11,0,122,0,13,0,0,0,7,0,0,0,0,28,238,59,485,0,36
1762232,50,1215,0,0,8,99,10,158,14,173,0,178,0,194,0,150,0,128,0,132,12,527,10,99,8,458,9,49,0,0,11,80,0,0,0,0,24,388,24,722,0,105
1762233,103,862,0,0,7,79,25,156,25,131,17,96,18,139,0,121,0,60,0,75,68,503,0,16,0,299,0,8,0,0,32,36,0,0,0,0,60,392,41,427,0,43
1762234,201,2601,0,0,28,289,49,443,43,437,30,412,25,401,11,333,14,179,0,102,50,981,42,187,29,952,12,201,0,6,68,274,0,0,0,0,90,1118,108,1453,0,30
1762236,59,539,0,0,0,48,9,69,0,92,0,69,0,93,0,53,0,48,27,65,44,190,0,0,11,318,0,22,0,0,0,6,0,0,0,0,18,210,41,319,0,10
1762237,6,550,0,0,0,61,0,55,0,69,0,86,0,78,0,49,0,40,0,109,0,374,0,0,0,167,0,0,0,0,0,0,0,0,0,0,0,115,0,292,0,143
1762238,8,56,0,0,0,0,0,12,0,10,0,8,0,6,0,8,0,7,0,0,6,33,0,0,0,19,0,0,0,0,0,0,0,0,0,0,0,22,0,24,0,10
1762239,22,240,0,0,0,14,0,31,0,51,0,32,0,38,0,41,0,21,0,11,8,97,0,0,9,127,0,14,0,0,0,0,0,0,0,0,7,101,14,134,0,0
1762240,6,62,0,0,0,0,0,0,0,16,0,11,0,13,0,13,0,0,0,0,0,30,0,0,0,24,0,0,0,0,0,0,0,0,0,0,0,27,0,33,0,0
1762241,7,80,0,0,0,14,0,8,0,9,0,8,0,14,0,13,0,11,0,0,7,52,0,0,0,28,0,0,0,0,0,0,0,0,0,0,0,39,0,40,0,0
1762242,6,66,0,0,0,7,0,7,0,9,0,7,0,7,0,19,0,6,0,0,6,44,0,0,0,18,0,0,0,0,0,0,0,0,0,0,0,27,0,37,0,0
1762243,11,283,0,0,0,35,0,45,0,34,0,34,0,42,0,54,0,24,0,13,8,167,0,0,0,87,0,27,0,0,0,0,0,0,0,0,0,129,6,145,0,9
1762245,7,112,0,0,0,8,7,34,0,11,0,13,0,23,0,14,0,7,0,0,0,78,0,0,0,25,0,0,0,0,0,0,0,0,0,0,0,38,0,69,0,0
1762246,13,824,0,0,0,45,0,102,0,165,0,140,0,105,0,109,0,87,0,70,0,316,0,9,6,476,0,19,0,0,0,0,0,0,0,0,0,385,7,422,0,17
1762249,24,1041,0,0,0,62,6,139,6,115,0,114,0,128,0,203,0,116,0,162,18,627,0,0,0,352,0,50,0,0,0,6,0,0,0,0,12,392,12,636,0,13
1762254,101,642,0,0,0,21,0,87,0,80,0,53,6,88,18,128,21,77,46,108,39,384,9,46,51,168,0,33,0,0,0,8,0,0,0,0,33,204,67,426,0,12
1762255,7,56,0,0,0,0,0,9,0,13,0,9,0,12,0,8,0,0,0,0,0,39,0,0,0,14,0,0,0,0,0,0,0,0,0,0,0,15,0,38,0,0
1762257,13,207,0,0,0,19,0,19,0,38,0,22,0,36,0,42,0,15,0,15,10,160,0,0,0,40,0,7,0,0,0,0,0,0,0,0,6,71,7,126,0,10
1762258,25,922,0,0,0,70,0,126,0,138,6,135,0,149,0,129,0,89,0,83,16,353,0,30,6,485,0,46,0,0,0,0,0,0,0,0,8,345,17,564,0,13
1762260,16,285,0,0,0,24,0,48,0,44,0,36,0,53,0,41,0,26,0,12,11,144,0,0,0,113,0,27,0,0,0,0,0,0,0,0,6,125,10,152,0,8
1762264,59,199,0,0,0,21,0,29,0,22,0,29,0,38,6,24,9,25,26,11,25,115,0,0,32,69,0,13,0,0,0,0,0,0,0,0,22,78,37,110,0,11
1762265,46,873,0,0,0,47,9,119,8,212,0,89,7,107,12,176,0,61,0,62,30,638,0,8,7,185,0,20,0,0,7,21,0,0,0,0,14,292,30,524,0,57
1762269,127,1868,0,0,6,156,22,308,27,338,23,270,21,294,13,254,9,161,6,82,48,655,40,183,24,796,8,177,0,12,6,42,0,0,0,0,51,755,72,1066,0,47
1762272,50,209,0,0,0,26,14,36,13,40,10,33,0,29,0,20,0,20,0,0,7,81,0,0,0,48,0,0,0,0,42,76,0,0,0,0,26,92,21,100,0,17
1762274,12,581,0,0,0,48,0,96,0,73,0,92,0,73,0,75,0,59,0,65,11,239,0,6,0,332,0,0,0,0,0,0,0,0,0,0,6,199,6,350,0,32
1762278,16,566,0,0,0,45,0,100,0,67,0,65,0,88,0,76,0,48,0,77,15,236,0,0,0,317,0,11,0,0,0,0,0,0,0,0,7,177,9,370,0,19
1762285,22,250,0,0,0,18,0,36,0,29,0,38,0,34,0,47,0,34,0,14,17,130,0,0,0,87,0,29,0,0,0,0,0,0,0,0,8,109,13,137,0,0
1762286,52,566,0,0,0,42,13,100,9,79,0,70,11,86,7,74,0,43,0,72,36,316,7,14,0,220,0,0,0,0,0,7,0,0,0,0,17,207,35,288,0,71
1762288,33,318,0,0,0,35,0,43,8,48,0,59,6,55,12,51,0,20,0,6,25,215,0,0,0,92,0,0,0,0,7,7,0,0,0,0,17,135,14,162,0,21
1762293,11,425,0,0,0,28,0,80,0,94,0,34,0,46,0,47,0,42,0,54,7,320,0,0,0,79,0,16,0,0,0,0,0,0,0,0,0,144,8,255,0,26
1762294,41,865,0,0,0,65,6,120,8,172,11,137,0,148,6,118,0,75,0,30,32,477,0,20,6,286,0,67,0,0,0,14,0,0,0,0,16,375,24,478,0,12
1762295,14,95,0,0,0,16,0,12,0,21,0,15,0,11,0,14,0,6,0,0,10,48,0,0,0,39,0,0,0,0,0,0,0,0,0,0,0,37,9,57,0,0
1762298,76,1372,0,0,0,166,15,200,12,189,6,155,17,211,14,172,0,81,6,198,58,928,0,25,12,364,0,28,0,0,0,27,0,0,0,0,36,473,38,871,0,28
1762301,62,5457,0,0,6,276,15,597,8,703,0,687,13,931,6,563,8,574,0,1124,33,3694,17,94,10,1574,0,19,0,13,0,56,0,0,0,0,31,1907,30,2723,0,827
1762305,58,832,0,0,9,110,16,112,0,95,6,82,9,127,9,126,0,99,0,81,38,440,7,7,12,370,0,0,0,0,0,10,0,0,0,0,31,309,27,458,0,65
1762353,7,435,0,0,0,20,0,64,0,41,0,69,0,65,0,95,0,36,0,45,0,291,0,0,0,126,0,9,0,0,0,7,0,0,0,0,0,170,0,227,0,38
1762401,8,1397,0,0,0,90,0,163,0,149,0,142,0,221,0,231,0,212,0,188,8,998,0,6,0,201,0,182,0,0,0,6,0,0,0,0,0,520,0,858,0,19
1762420,7,325,0,0,0,23,0,36,0,21,0,43,0,53,0,55,0,54,0,40,0,228,0,0,0,52,0,42,0,0,0,0,0,0,0,0,0,124,0,199,0,0
1762427,6,88,0,0,0,9,0,12,0,17,0,13,0,15,0,11,0,6,0,0,6,48,0,0,0,31,0,9,0,0,0,0,0,0,0,0,0,31,0,55,0,0
1762428,9,275,0,0,0,20,0,37,0,41,0,48,0,40,0,35,0,40,0,14,9,235,0,0,0,30,0,9,0,0,0,0,0,0,0,0,6,123,0,151,0,0
1762439,6,520,0,0,0,49,0,70,0,78,0,62,0,58,0,75,0,63,0,65,6,208,0,0,0,309,0,0,0,0,0,0,0,0,0,0,0,170,0,321,0,29
1762441,10,411,0,0,0,29,0,42,0,43,0,50,0,78,0,56,0,48,0,65,6,168,0,0,0,235,0,8,0,0,0,0,0,0,0,0,0,148,0,261,0,0
1762447,16,435,0,0,0,22,0,54,0,39,0,50,0,56,0,53,0,48,11,113,15,356,0,0,0,25,0,52,0,0,0,0,0,0,0,0,6,136,10,296,0,0
1762448,37,736,0,0,0,37,0,69,0,65,0,97,0,108,0,96,0,83,25,181,35,538,0,0,0,164,0,30,0,0,0,0,0,0,0,0,16,236,21,479,0,21
1762450,6,1207,0,0,0,147,0,138,0,152,0,134,0,179,0,174,0,147,0,135,0,496,0,0,0,682,0,17,0,6,0,0,0,0,0,0,0,446,0,750,0,11
1762454,10,550,0,0,0,29,0,54,0,88,0,55,0,90,0,72,0,73,0,87,10,215,0,0,0,278,0,54,0,0,0,0,0,0,0,0,0,195,7,338,0,17
1762467,6,199,0,0,0,24,0,25,0,24,0,20,0,23,0,39,0,30,0,13,0,137,0,0,0,18,0,44,0,0,0,0,0,0,0,0,0,77,0,121,0,0
1762471,17,762,0,0,0,48,0,85,0,89,0,79,0,110,6,137,0,115,0,99,16,575,0,0,0,144,0,33,0,0,0,0,0,0,0,0,7,280,9,460,0,22
1762474,6,79,0,0,0,0,0,6,0,8,0,6,0,17,0,18,0,16,0,0,6,72,0,0,0,0,0,0,0,0,0,0,0,0,0,0,0,29,0,49,0,0
1762521,118,3124,0,0,0,190,15,418,12,435,9,363,11,497,19,412,18,378,32,427,71,1231,44,134,0,1690,0,39,0,10,0,17,0,0,0,0,46,978,72,2046,0,100
1762522,43,976,0,0,6,67,6,155,10,142,9,152,9,150,0,175,0,98,0,37,19,341,19,81,0,527,0,19,0,0,0,0,0,0,0,0,15,339,28,605,0,32
1762526,62,2385,0,0,9,144,17,351,9,308,11,284,6,319,0,426,0,298,0,255,21,1051,29,132,0,1123,0,39,0,6,9,33,0,0,0,0,20,782,42,1491,0,112
1762549,6,492,0,0,0,32,0,57,0,38,0,55,0,52,0,49,0,69,0,140,0,335,0,0,0,145,0,8,0,0,0,0,0,0,0,0,0,194,0,277,0,21
1762560,8,156,0,0,0,13,0,22,0,28,0,18,0,29,0,19,0,23,0,0,6,96,0,0,0,53,0,0,0,0,0,0,0,0,0,0,0,52,6,101,0,0
1762561,9,654,0,0,0,50,0,100,0,87,0,102,0,138,0,89,0,69,0,19,8,388,0,0,0,248,0,0,0,0,0,14,0,0,0,0,0,254,6,388,0,12
1762563,8,763,0,0,0,69,0,87,0,98,0,92,0,168,0,134,0,86,0,29,7,407,0,0,0,344,0,0,0,0,0,6,0,0,0,0,0,313,6,444,0,6
1762565,14,1072,0,0,0,59,0,119,0,130,0,99,0,149,6,140,0,133,0,239,14,918,0,0,0,132,0,18,0,0,0,0,0,0,0,0,0,301,11,754,0,17
1762568,37,1362,0,0,0,66,0,115,0,138,7,185,0,187,0,272,8,229,7,170,29,664,0,7,6,658,0,22,0,0,0,9,0,0,0,0,15,561,22,786,0,15
1762613,6,432,0,0,0,19,0,43,0,102,0,64,0,59,0,80,0,53,0,12,6,257,0,0,0,167,0,0,0,0,0,0,0,0,0,0,0,170,0,253,0,9
1762615,8,785,0,0,0,32,0,128,0,128,0,103,0,126,0,130,0,69,0,69,8,392,0,7,0,373,0,0,0,0,0,9,0,0,0,0,0,322,0,455,0,8
1762618,78,1150,0,0,0,120,22,235,20,215,16,179,9,153,6,91,0,90,0,66,22,455,7,15,6,350,0,47,0,0,40,277,0,0,0,0,35,458,42,624,0,68
1762626,7,1315,0,0,0,58,0,159,0,160,0,150,0,201,0,192,0,135,0,259,7,938,0,9,0,346,0,10,0,0,0,11,0,0,0,0,0,387,0,801,0,127
1762627,6,141,0,0,0,8,0,17,0,17,0,31,0,25,0,28,0,14,0,0,6,99,0,0,0,38,0,0,0,0,0,0,0,0,0,0,0,42,0,93,0,6
1762629,29,1998,0,0,0,175,0,273,7,353,6,318,8,325,0,246,0,159,0,149,24,1080,0,41,0,813,0,24,0,15,0,22,0,0,0,0,12,820,17,1154,0,24
1762650,112,3654,0,0,8,192,17,509,19,468,12,451,20,574,13,573,12,475,11,411,67,1578,15,86,17,1917,0,32,0,8,10,32,0,0,0,0,61,1224,46,1975,0,455
1762656,16,2608,0,0,0,172,0,338,0,322,0,287,6,371,0,367,0,349,0,402,14,1610,0,29,0,904,0,42,0,0,0,20,0,0,0,0,0,846,13,1676,0,86
1762664,11,381,0,0,0,25,0,59,0,54,0,31,0,56,0,58,0,36,0,62,11,265,0,0,0,108,0,0,0,0,0,0,0,0,0,0,7,126,0,240,0,15
1762675,14,843,0,0,0,47,0,99,0,106,0,89,0,153,0,132,0,114,0,102,13,520,0,0,0,301,0,10,0,0,0,8,0,0,0,0,9,344,0,484,0,15
1762677,6,351,0,0,0,22,0,53,0,52,0,53,0,58,0,61,0,28,0,24,6,195,0,0,0,150,0,0,0,0,0,0,0,0,0,0,0,158,0,185,0,8
1762681,12,484,0,0,0,25,0,54,0,62,0,66,0,65,0,78,0,58,0,76,6,296,6,0,0,163,0,9,0,0,0,14,0,0,0,0,6,198,6,263,0,23
1762684,71,1027,0,0,0,57,0,83,0,101,0,131,6,131,0,132,16,144,39,248,70,691,0,0,0,323,0,7,0,0,0,0,0,0,0,0,18,421,51,581,0,25
1762691,48,344,0,0,0,24,7,45,0,37,0,26,0,52,0,53,8,38,27,69,43,246,0,0,0,90,0,0,0,0,0,6,0,0,0,0,14,116,29,207,0,21
1762692,9,259,0,0,0,24,0,43,0,29,0,29,0,58,0,34,0,34,0,8,9,151,0,0,0,106,0,0,0,0,0,0,0,0,0,0,0,108,0,141,0,10
1762702,95,6491,0,0,11,348,18,879,19,920,17,831,13,1145,10,1116,6,663,0,587,46,3403,42,508,0,2416,0,73,0,16,0,73,0,0,0,0,26,2440,68,3857,0,194
1762703,85,4928,0,0,7,338,17,746,15,722,12,747,11,881,13,782,8,510,0,201,22,1780,59,761,0,2257,0,54,0,6,0,68,0,0,0,0,29,1913,56,2854,0,161
1762704,70,5830,0,0,0,317,16,974,13,922,11,729,9,910,10,970,0,693,0,315,39,2697,27,381,0,2550,0,97,0,30,0,68,0,0,0,0,25,2318,45,3382,0,130
1762707,21,1643,0,0,0,50,0,238,0,208,0,161,0,297,0,382,0,238,0,69,13,1104,8,42,0,465,0,6,0,0,0,21,0,0,0,0,11,1014,10,613,0,16
1762711,48,2994,0,0,0,143,16,327,0,247,0,285,11,406,0,483,0,466,9,635,32,1584,0,34,6,1276,0,49,0,18,0,31,0,0,0,0,26,1204,22,1720,0,70
1762712,14,1459,0,0,0,123,7,189,0,178,0,207,0,295,0,262,0,153,0,52,11,715,0,25,0,675,0,17,0,0,0,21,0,0,0,0,6,644,8,796,0,19
1762801,76,2402,0,0,0,136,11,278,13,360,11,328,19,426,16,435,0,243,0,192,40,1754,14,114,22,467,0,44,0,0,0,16,0,0,0,0,25,978,37,1320,14,104
1762808,7,104,0,0,0,9,0,16,0,15,0,21,0,19,0,8,0,8,0,8,0,84,0,0,0,10,0,7,0,0,0,0,0,0,0,0,0,38,0,63,0,0
1762812,20,807,0,0,11,72,0,75,0,94,0,107,0,118,0,152,0,125,0,64,9,393,0,0,9,396,0,9,0,0,0,8,0,0,0,0,6,255,0,386,9,166
1762832,25,1180,0,0,10,134,0,136,0,108,6,163,0,187,0,149,0,133,0,170,18,444,0,0,0,714,0,0,0,0,0,13,0,0,0,0,13,346,11,761,0,73
1762837,9,716,0,0,0,46,0,71,0,100,0,71,0,89,0,119,0,110,0,110,9,607,0,0,0,99,0,0,0,0,0,0,0,0,0,0,0,251,0,439,0,26
1762848,7,56,0,0,0,0,0,6,0,0,0,10,0,16,0,9,0,7,0,0,6,45,0,0,0,8,0,0,0,0,0,0,0,0,0,0,0,26,0,29,0,0
1762859,7,297,0,0,0,27,0,28,0,32,0,39,0,57,0,58,0,28,0,27,0,233,0,0,0,57,0,0,0,0,0,0,0,0,0,0,0,86,0,195,0,16
1762863,22,752,0,0,0,69,0,129,7,107,0,94,0,98,0,91,0,56,0,106,11,92,0,0,0,660,0,0,0,0,10,0,0,0,0,0,18,244,0,442,0,66
1762864,92,2093,0,0,6,152,8,267,0,236,6,266,7,295,0,301,11,275,44,298,49,1366,0,69,41,583,0,37,0,0,0,31,0,0,0,0,33,830,57,1178,0,85
1762881,9,735,0,0,0,46,0,78,0,115,0,98,0,125,0,134,0,88,0,51,8,599,0,0,0,112,0,16,0,0,0,0,0,0,0,0,0,271,6,454,0,10
1762882,15,243,0,0,0,17,6,40,0,36,0,42,0,28,0,48,0,22,0,10,12,191,0,0,0,40,0,6,0,0,0,0,0,0,0,0,7,93,8,144,0,6
1762896,10,1025,0,0,0,103,0,136,0,135,0,148,0,176,0,168,0,117,0,42,6,311,0,0,0,683,0,27,0,0,0,0,0,0,0,0,0,294,6,469,0,262
1762901,181,3009,0,8,19,267,60,730,22,458,21,299,15,318,22,306,7,252,15,371,53,1065,67,116,10,1668,0,45,0,14,48,101,0,0,0,0,91,1013,88,1425,0,571
1762902,22,465,0,0,0,26,0,67,0,62,0,62,0,85,7,98,0,48,0,16,10,162,0,7,0,275,0,0,0,0,8,20,0,0,0,0,13,173,9,199,0,93
1762905,6,113,0,0,0,6,0,23,0,21,0,9,0,31,0,12,0,7,0,0,0,43,0,0,0,31,0,0,0,0,0,37,0,0,0,0,0,51,0,49,0,13
1762906,92,1188,0,0,8,80,8,141,0,145,8,142,7,175,11,163,9,124,36,215,73,761,0,6,8,392,0,10,0,0,8,16,0,0,0,0,34,481,50,554,8,153
1762907,20,204,0,0,0,21,0,22,0,29,6,32,7,35,0,20,0,24,0,21,15,94,0,0,0,102,0,0,0,0,0,0,0,0,0,0,11,69,9,108,0,27
1762910,6,152,0,0,0,14,0,24,0,17,0,14,0,27,0,34,0,17,0,0,0,56,0,0,0,96,0,0,0,0,0,0,0,0,0,0,0,54,0,87,0,11
1762912,9,101,0,0,0,11,0,11,0,20,0,17,0,9,0,13,0,17,0,0,9,63,0,0,0,36,0,0,0,0,0,0,0,0,0,0,0,44,0,46,0,11
1762914,10,419,0,0,0,15,0,42,0,30,0,48,0,104,0,85,0,46,0,49,0,129,9,73,0,213,0,0,0,0,0,0,0,0,0,0,0,150,7,224,0,45
1762918,22,1057,0,0,0,72,0,121,0,158,0,148,10,165,0,127,0,90,0,176,13,447,0,0,8,596,0,0,0,0,0,0,0,0,0,0,0,312,12,461,7,284
1762920,71,498,0,0,6,49,9,61,6,57,8,64,12,95,14,91,11,63,0,18,34,266,0,0,9,131,0,6,0,0,27,95,0,0,0,0,37,206,28,250,6,42
1762939,10,250,0,0,0,22,0,23,0,26,0,42,0,31,0,41,0,43,0,22,9,113,0,0,0,133,0,0,0,0,0,0,0,0,0,0,0,82,0,107,0,61
1762946,7,717,0,0,0,56,0,84,0,76,0,87,0,124,0,110,0,116,0,64,0,337,0,0,0,371,0,0,0,0,0,0,0,0,0,0,0,212,0,338,0,167
1762948,29,1207,0,0,0,82,6,197,6,200,0,151,0,209,0,182,0,120,0,66,16,356,0,0,11,826,0,18,0,0,0,0,0,0,0,0,7,265,12,500,10,442
1762951,12,410,0,0,0,29,0,52,0,57,0,54,0,96,0,58,0,43,0,21,8,143,0,0,0,260,0,0,0,0,0,0,0,0,0,0,6,99,0,177,0,134
1762952,14,305,0,0,0,23,0,45,0,42,0,51,0,55,0,40,0,34,0,14,13,188,0,0,0,115,0,0,0,0,0,0,0,0,0,0,0,92,10,163,0,50
1762959,59,3307,0,6,6,167,11,358,0,505,9,438,13,516,7,496,0,440,0,381,27,1100,0,17,24,2140,0,33,0,0,0,13,0,0,0,0,18,1140,28,1460,13,707
1762960,8,891,0,0,0,64,0,84,0,83,0,106,0,138,0,134,0,128,0,153,6,287,0,11,0,583,0,7,0,0,0,0,0,0,0,0,0,338,0,521,0,32
1762966,105,1653,0,0,10,168,17,263,23,263,22,228,15,235,12,238,0,174,0,84,62,757,13,32,0,797,0,14,0,0,24,51,0,0,0,0,53,521,51,765,0,367
1762992,58,237,0,0,0,9,16,61,18,62,19,58,0,32,0,10,0,0,0,0,0,48,0,0,9,128,0,0,0,0,44,51,0,0,0,0,49,152,0,47,6,38
1762995,7,248,0,0,0,8,0,35,0,30,0,47,0,38,0,47,0,30,0,13,6,115,0,0,0,119,0,0,0,0,0,0,0,0,0,0,0,77,0,139,0,32
