geoid,total_cases,total_deaths
01001,17817,431
01003,25945,592
01005,11846,69
01007,6456,58
01009,6638,49
01011,12644,354
01013,26598,1099
01015,13392,266
01017,32943,1949
01019,3039,205
01021,8855,120
01023,9449,469
01025,9996,187
01027,2454,125
01029,1512,77
01031,16962,62
01033,13101,248
01035,4691,83
01037,3213,83
01039,9085,133
01041,5404,140
01043,13323,78
01045,8782,0
01047,24121,332
01049,20342,258
01051,28557,554
01053,6760,249
01055,22659,920
01057,1987,17
01059,35656,465
01061,2575,0
01063,7794,294
01065,11972,640
01067,5452,140
01069,17440,359
01071,8013,222
01073,162075,7120
01075,2388,12
01077,13797,276
01079,3768,0
01081,51055,2546
01083,11873,0
01085,17930,775
01087,6821,316
01089,37735,420
01091,11841,505
01093,10257,791
01095,58170,657
01097,168772,8084
01099,5447,141
01101,133494,3311
01103,28224,90
01105,3799,4
01107,8702,299
01109,15809,91
01111,9658,567
01113,15399,0
01115,11455,90
01117,46127,1458
01119,14104,518
01121,10056,296
01123,32488,4100
01125,65491,1216
01127,29227,331
01129,5296,367
01131,11817,436
01133,6867,47
02013,46,0
02016,120,0
02020,23338,429
02050,300,0
02060,320,0
02068,10,0
02070,227,0
02090,8896,177
02100,84,0
02110,2928,18
02122,5297,60
02130,1838,0
02150,204,0
02158,2,0
02164,61,0
02170,3039,82
02180,267,0
02185,85,0
02188,143,0
02195,251,0
02198,183,0
02220,394,0
02240,335,0
02261,529,0
02275,121,0
02290,118,0
04001,102535,2807
04003,13620,244
04005,86224,5697
04007,5687,158
04009,2968,79
04011,579,34
04012,9494,195
04013,1235384,32411
04015,34058,3298
04017,147656,4879
04019,251951,13903
04021,100230,2725
04023,44802,414
04025,25369,417
04027,147474,2109
05001,691,0
05003,2512,24
05005,860,0
05007,67644,357
05009,729,12
05011,1914,95
05013,4,0
05015,3814,92
05017,2972,54
05019,3671,0
05021,1156,41
05023,7520,390
05025,1498,0
05027,2215,144
05029,1670,140
05031,18108,127
05033,3490,5
05035,30725,663
05037,3936,18
05039,235,0
05041,1838,5
05043,2062,90
05045,13549,230
05047,487,2
05049,459,0
05051,12938,60
05053,1707,0
05055,4255,0
05057,1760,87
05059,7362,1
05061,2647,10
05063,2377,0
05065,1107,33
05067,656,0
05069,36359,1714
05071,6076,0
05073,820,70
05075,6095,456
05077,14932,89
05079,71130,583
05081,1090,0
05083,1081,1
05085,5330,9
05087,4230,0
05089,166,0
05091,4716,93
05093,5880,104
05095,492,0
05097,132,0
05099,2679,40
05101,279,0
05103,946,0
05105,1124,0
05107,2786,112
05109,431,0
05111,2886,157
05113,2397,1
05115,13614,89
05117,508,0
05119,81991,2704
05121,2198,17
05123,39351,86
05125,10525,117
05127,259,0
05129,645,0
05131,8943,80
05133,19060,197
05135,2682,166
05137,882,0
05139,11431,517
05141,2788,184
05143,80575,743
05145,4318,77
05147,209,0
05149,14471,106
06001,270623,7592
06003,149,0
06005,897,0
06007,4933,47
06009,1659,0
06011,799,0
06013,132187,3392
06015,2199,0
06017,7776,0
06019,158259,2696
06021,2182,0
06023,7945,161
06025,186801,2563
06027,1951,73
06029,185683,2808
06031,79978,572
06033,1882,1
06035,2288,0
06037,4274319,171598
06039,13748,258
06041,56787,1333
06043,1130,51
06045,2599,0
06047,29145,515
06049,2,0
06051,3024,96
06053,52435,739
06055,11635,262
06057,5010,93
06059,527186,12247
06061,25400,798
06063,412,0
06065,682129,23647
06067,137497,4765
06069,8656,203
06071,441818,13904
06073,610778,20529
06075,202752,3190
06077,108214,3058
06079,25882,96
06081,169358,6336
06083,128168,1154
06085,253753,11667
06087,18232,229
06089,4358,376
06091,44,0
06093,1003,0
06095,47279,1296
06097,47092,360
06099,75567,2032
06101,5641,205
06103,1217,70
06105,140,0
06107,155505,6091
06109,656,0
06111,102789,2531
06113,20710,1703
06115,2896,92
08001,232936,8900
08003,6239,203
08005,319066,20402
08007,710,0
08009,1082,0
08011,143,0
08013,76262,4581
08014,18438,1698
08015,6015,1384
08017,286,0
08019,1418,75
08021,313,0
08023,709,0
08025,3534,108
08027,187,0
08029,4943,88
08031,413585,22197
08035,58708,3169
08037,54731,707
08039,3769,146
08041,132003,7695
08043,2114,0
08045,12950,184
08047,292,0
08049,939,6
08051,15784,476
08053,272,0
08055,247,4
08057,15,0
08059,168620,11547
08063,2175,205
08065,2455,0
08067,6722,57
08069,45060,1985
08071,424,0
08073,278,0
08075,37625,256
08077,5257,0
08079,240,0
08081,649,0
08083,3324,235
08085,12765,934
08087,42601,2616
08089,1307,72
08091,629,87
08093,1599,0
08095,926,0
08097,6181,199
08099,883,0
08101,20887,1359
08103,127,0
08105,2529,27
08107,5435,437
08109,4017,66
08111,67,0
08113,2058,0
08117,16785,176
08119,2857,190
08121,2135,0
08123,190198,9984
08125,2203,0
09001,1201265,91534
09003,724700,84896
09005,103546,9276
09007,81153,10585
09009,837209,66379
09011,75689,5735
09013,58116,4382
09015,29528,843
10001,100296,4550
10003,269120,11561
10005,286488,9231
11001,622444,31644
12001,41039,549
12003,2786,287
12005,11777,275
12007,4580,163
12009,48870,974
12011,673353,23665
12013,3656,218
12015,35437,4035
12017,12297,982
12019,33346,2146
12021,144522,3505
12023,11809,154
12027,17420,600
12029,2957,119
12031,174901,3537
12033,73388,2182
12035,15136,325
12037,242,0
12039,18240,196
12041,2339,0
12043,4681,96
12045,493,0
12047,13447,52
12049,10727,40
12051,32025,1027
12053,12702,388
12055,12773,731
12057,274328,5843
12059,3231,0
12061,18296,788
12063,15613,55
12065,2652,225
12067,816,0
12069,37731,1225
12071,189077,7795
12073,35819,466
12075,5119,36
12077,12783,33
12079,6723,220
12081,99004,7195
12083,24462,541
12085,62268,952
12086,1606680,51084
12087,10642,319
12089,7384,64
12091,23361,433
12093,9172,0
12095,263771,3352
12097,70580,1380
12099,541102,26533
12101,48296,990
12103,167994,6622
12105,105693,4256
12107,13967,339
12109,30170,473
12111,53147,2491
12113,22056,739
12115,57119,5609
12117,66912,934
12119,21601,1331
12121,16901,1329
12123,2270,4
12125,2166,53
12127,70912,2938
12129,2778,84
12131,9451,434
12133,4087,346
13001,11469,821
13003,4012,120
13005,8719,187
13007,2708,223
13009,26870,1640
13011,5757,22
13013,23930,1131
13015,40527,3005
13017,5949,52
13019,3920,4
13021,38163,1839
13023,2990,20
13025,4056,171
13027,6500,679
13029,6326,357
13031,8176,196
13033,9089,376
13035,16410,1613
13037,10489,420
13039,5267,81
13043,1260,0
13045,42731,2060
13047,11271,122
13049,2249,74
13051,44410,1734
13053,10551,5
13055,2284,157
13057,67173,2280
13059,23351,1261
13061,3185,191
13063,98870,3991
13065,4150,102
13067,238950,13063
13069,22016,946
13071,36573,1078
13073,21019,490
13075,4487,112
13077,32206,697
13079,2119,0
13081,17642,582
13083,2676,93
13085,8017,147
13087,13212,352
13089,288084,8408
13091,4073,120
13093,13319,885
13095,152015,11834
13097,44558,1774
13099,20135,2175
13101,6756,0
13103,5782,91
13105,4918,0
13107,3254,117
13109,658,0
13111,4120,70
13113,20018,1096
13115,23415,1122
13117,40590,965
13119,6482,66
13121,366742,17100
13123,9852,54
13125,132,0
13127,16094,145
13129,15199,1225
13131,8724,293
13133,5867,481
13135,319854,9349
13137,36694,1599
13139,180814,3165
13141,11730,1318
13143,3754,221
13145,10898,383
13147,2415,0
13149,2301,178
13151,60878,1715
13153,30806,1470
13155,2565,74
13157,15390,392
13159,3201,45
13161,3340,102
13163,3352,87
13165,2993,292
13167,5767,158
13169,3383,0
13171,5221,202
13173,3546,153
13175,8467,84
13177,31094,1905
13179,5828,33
13181,1507,33
13183,1281,45
13185,36039,416
13187,7100,104
13189,5315,394
13191,1247,36
13193,7704,447
13195,4107,155
13197,4320,134
13199,7978,120
13201,3220,0
13205,31853,2754
13207,7487,698
13209,1001,0
13211,3032,0
13213,7649,75
13215,58952,1638
13217,28119,766
13219,8564,395
13221,5083,425
13223,26766,897
13225,6002,400
13227,4085,292
13229,8272,289
13231,4680,192
13233,9462,42
13235,3141,132
13237,6688,616
13239,843,81
13241,1846,114
13243,15073,1671
13245,47446,2127
13247,23929,686
13249,1565,90
13251,3492,208
13253,3409,162
13255,22352,1533
13257,10249,219
13259,4354,62
13261,38518,3183
13263,3212,126
13265,86,0
13267,3110,0
13269,1806,179
13271,3585,83
13273,17524,2005
13275,24515,2218
13277,24767,1168
13279,6795,324
13281,2140,68
13283,864,17
13285,39519,1084
13287,9323,934
13289,1201,35
13291,3516,136
13293,22369,2426
13295,11900,162
13297,18833,1088
13299,18515,1051
13301,1407,0
13303,5506,80
13305,2167,0
13307,1057,90
13309,1353,0
13311,7735,182
13313,32559,606
13315,8173,935
13317,2767,53
13319,4529,377
13321,18257,1398
15001,6728,0
15003,42376,906
15007,2215,0
15009,10459,478
16001,84992,1689
16003,385,0
16005,3284,34
16007,9,0
16009,697,0
16011,1259,3
16013,47956,468
16015,30,0
16017,744,0
16019,4557,21
16021,9,0
16025,96,0
16027,31480,536
16029,338,0
16031,6587,96
16035,12,0
16037,221,0
16039,2979,147
16041,603,0
16043,309,0
16045,1461,0
16047,3032,14
16049,297,0
16051,777,0
16053,11513,211
16055,8583,17
16057,637,0
16059,91,0
16063,2596,0
16065,1829,0
16067,4907,0
16069,6401,1492
16071,19,0
16073,1119,0
16075,2649,148
16077,558,0
16079,3,0
16081,1022,0
16083,30055,1521
16085,322,0
16087,3113,2
17001,4063,65
17003,852,0
17005,840,80
17007,28019,1175
17009,587,0
17011,1418,66
17013,91,0
17015,1205,172
17017,5308,23
17019,40798,632
17021,3082,450
17023,807,0
17025,158,0
17027,13320,970
17029,7520,747
17031,5377080,251460
17033,1017,0
17035,656,0
17037,26716,593
17039,318,0
17041,2397,0
17043,513587,25906
17045,159,0
17047,106,0
17049,619,87
17051,1639,198
17053,1483,89
17055,950,0
17057,689,2
17059,173,0
17061,422,0
17063,7446,134
17065,176,0
17067,1055,33
17069,75,0
17071,527,0
17073,5217,23
17075,8350,250
17077,17822,937
17079,3473,473
17081,7396,1094
17083,1776,71
17085,2193,32
17087,808,0
17089,394675,12490
17091,74543,3748
17093,52635,1403
17095,6740,0
17097,562788,21399
17099,10657,800
17101,343,0
17103,5489,65
17105,2613,121
17107,798,0
17109,5340,600
17111,108320,5225
17113,15502,724
17115,13748,1378
17117,3362,117
17119,45746,3722
17121,3873,0
17123,428,0
17125,1271,0
17127,548,0
17129,1380,0
17131,1163,0
17133,7725,896
17135,2885,3
17137,4647,136
17139,808,0
17141,14824,226
17143,19665,938
17145,2813,6
17147,939,0
17149,118,0
17151,58,0
17153,3488,0
17155,52,0
17157,18262,308
17159,271,0
17161,50495,1659
17163,92165,6660
17165,513,0
17167,24416,1996
17169,685,0
17171,2,0
17173,1088,67
17175,182,0
17177,12681,190
17179,6113,407
17181,9193,681
17183,2899,85
17185,601,0
17187,8023,0
17189,1307,0
17191,582,52
17193,182,0
17195,10466,838
17197,388235,19749
17199,5079,143
17201,141974,4255
17203,1789,121
18001,1582,102
18003,116438,6095
18005,35349,2676
18007,2012,0
18009,1779,120
18011,25470,2778
18013,2447,89
18015,5983,144
18017,108380,551
18019,37457,3084
18021,3261,150
18023,13809,181
18025,2000,84
18027,7007,1264
18029,12997,1418
18031,20098,2710
18033,5009,214
18035,25226,2453
18037,11902,208
18039,105942,2090
18041,7475,480
18043,23565,2742
18045,1505,174
18047,10123,778
18049,3451,66
18051,1438,88
18053,19530,1661
18055,11843,1773
18057,92913,7115
18059,26071,1968
18061,14366,1416
18063,88382,6335
18065,11495,620
18067,27993,2284
18069,2612,168
18071,26176,168
18073,5192,114
18075,3410,0
18077,3557,53
18079,10399,543
18081,81530,8122
18083,2653,0
18085,14313,202
18087,12364,219
18089,264210,14188
18091,30122,1412
18093,12698,1722
18095,46184,5460
18097,726918,44392
18099,12665,133
18101,986,0
18103,10721,79
18105,14411,1179
18107,15160,969
18109,20980,1701
18111,5932,792
18113,17676,1588
18115,833,0
18117,9097,1560
18119,2834,86
18121,1659,0
18123,4336,156
18125,359,0
18127,37636,1795
18129,1471,0
18131,3088,29
18133,10129,528
18135,4837,233
18137,9465,503
18139,4610,187
18141,94263,3291
18143,8376,314
18145,35794,2111
18147,1508,64
18149,3097,211
18151,6032,145
18153,2452,46
18155,1735,0
18157,28328,353
18159,2015,119
18161,1649,0
18163,20709,248
18165,845,0
18167,11747,668
18169,5622,137
18171,1067,96
18173,12000,1919
18175,4366,60
18177,15260,389
18179,2747,14
18181,13960,451
18183,3470,197
19001,598,0
19003,318,0
19005,8750,322
19007,909,231
19009,828,54
19011,3433,89
19013,121628,2841
19015,5020,20
19017,5176,384
19019,2378,30
19021,56394,252
19023,1494,62
19025,901,11
19027,2031,31
19029,668,0
19031,4020,59
19033,3113,45
19035,2363,3
19037,917,0
19039,3980,46
19041,3105,0
19043,2256,195
19045,5387,70
19047,30723,130
19049,61431,1236
19051,1526,27
19053,224,0
19055,1456,44
19057,4064,102
19059,5654,34
19061,23906,1107
19063,1816,0
19065,2012,0
19067,1539,66
19069,2032,0
19071,242,0
19073,1178,0
19075,1514,0
19077,3272,171
19079,5082,6
19081,1453,0
19083,2059,0
19085,2330,0
19087,4803,142
19089,987,0
19091,1509,34
19093,803,0
19095,2508,0
19097,981,0
19099,18441,906
19101,2049,0
19103,53289,573
19105,2886,0
19107,937,19
19109,948,0
19111,2025,30
19113,73882,5383
19115,25806,593
19117,966,95
19119,1772,0
19121,1739,121
19123,5175,607
19125,2346,0
19127,60851,829
19129,1278,0
19131,580,0
19133,2390,0
19135,2157,251
19137,490,62
19139,40123,2469
19141,2962,26
19143,2439,0
19145,1017,0
19147,695,0
19149,10219,133
19151,1554,15
19153,280341,8301
19155,23069,492
19157,6403,518
19159,361,0
19161,1681,0
19163,29624,667
19165,3254,0
19167,17117,0
19169,15944,114
19171,29631,1626
19173,2921,0
19175,627,0
19177,921,0
19179,33479,908
19181,9639,44
19183,15341,659
19185,201,0
19187,4461,58
19189,789,0
19191,1749,0
19193,170323,1895
19195,334,0
19197,11882,3
20001,54,0
20003,101,0
20005,1512,0
20007,91,0
20009,2765,90
20011,804,89
20013,426,0
20015,2681,0
20017,237,0
20019,349,0
20021,1093,0
20023,133,0
20025,1776,0
20027,424,87
20029,491,0
20031,4530,638
20033,81,0
20035,1676,87
20037,4656,97
20041,318,0
20043,1080,0
20045,6859,0
20047,343,0
20049,9,0
20051,932,0
20053,149,0
20055,88723,514
20057,109326,388
20059,3100,4
20061,1938,33
20063,102,0
20067,1355,31
20069,1236,0
20073,504,0
20075,1326,0
20077,109,0
20079,1265,97
20081,1292,0
20083,258,0
20085,4812,39
20087,1489,0
20089,342,0
20091,73903,4955
20093,2746,47
20097,173,0
20099,2364,0
20101,174,0
20103,70126,489
20105,2,0
20107,849,0
20109,11,0
20111,29002,301
20113,2865,0
20115,599,69
20117,13,0
20119,1682,0
20121,862,0
20123,323,0
20125,1833,200
20127,369,0
20129,374,14
20131,897,0
20133,579,0
20135,146,0
20137,163,0
20139,666,0
20141,185,0
20143,369,0
20145,93,0
20147,163,0
20149,2408,0
20151,241,0
20155,4095,0
20157,395,0
20159,269,0
20161,6859,104
20163,541,0
20165,6,0
20169,3167,174
20171,794,0
20173,53260,1532
20175,58463,90
20177,25272,602
20179,179,0
20181,438,0
20183,180,0
20185,98,0
20187,618,0
20189,1810,0
20191,573,87
20193,183,0
20195,44,0
20197,2087,0
20201,25,0
20205,85,0
20207,545,0
20209,111814,5678
21001,7659,1220
21003,6058,202
21005,1408,106
21007,870,0
21009,3566,70
21011,650,66
21013,181,0
21015,30394,1037
21017,1308,111
21019,3544,257
21021,2078,0
21023,971,0
21025,352,0
21027,1323,93
21029,8342,302
21031,16090,710
21033,1064,0
21035,4118,89
21037,13079,861
21039,290,65
21041,1045,3
21043,990,0
21045,468,0
21047,11048,268
21049,4008,57
21051,1096,80
21053,313,0
21055,470,76
21057,417,0
21059,24827,511
21061,4199,559
21063,77,0
21065,114,0
21067,62129,1251
21069,432,0
21071,1403,0
21073,4565,84
21075,594,0
21077,2087,229
21079,594,0
21081,3223,282
21083,12226,1339
21085,8415,580
21087,172,18
21089,1262,0
21091,769,0
21093,7663,200
21095,502,28
21097,3073,0
21099,1889,0
21101,8712,236
21103,1436,46
21105,327,0
21107,18008,2308
21109,5475,879
21111,198073,12129
21113,5438,0
21115,427,0
21117,42224,2458
21119,357,0
21121,1156,0
21123,787,26
21125,2718,177
21127,268,0
21129,38,0
21131,451,0
21133,458,0
21135,760,0
21137,885,81
21139,554,0
21141,9384,408
21143,1356,253
21145,7724,201
21147,1103,0
21149,1613,5
21151,4966,91
21153,158,0
21155,2289,0
21157,3125,117
21159,307,0
21161,1065,0
21163,1509,144
21165,651,0
21167,1213,0
21169,373,67
21171,1386,9
21173,2180,0
21175,251,0
21177,32418,515
21179,3270,36
21181,230,0
21183,10588,0
21185,6150,238
21187,199,0
21189,175,0
21191,804,0
21193,1926,17
21195,2748,162
21197,207,0
21199,5077,179
21201,4,0
21203,1174,0
21205,705,0
21207,2216,286
21209,3902,0
21211,13745,403
21213,3885,224
21215,1717,0
21217,1327,36
21219,1470,0
21221,1001,0
21223,356,0
21225,1210,0
21227,69949,445
21229,806,0
21231,799,0
21233,2577,0
21235,1216,0
21237,68,0
21239,2936,0
22001,32522,1672
22003,14078,857
22005,70986,4239
22007,20956,839
22009,12306,713
22011,7474,378
22013,10811,1633
22015,38371,1904
22017,195593,13740
22019,57070,3469
22021,4818,31
22023,960,0
22025,8444,234
22027,6228,749
22029,5924,370
22031,21089,1279
22033,278608,17094
22035,11604,10
22037,15741,1957
22039,7876,66
22041,23759,707
22043,3156,54
22045,33308,2625
22047,45972,3108
22049,8460,769
22051,659952,35826
22053,10285,551
22055,77595,2271
22057,71447,5275
22059,4245,3
22061,13504,1036
22063,36438,2045
22065,10383,66
22067,9771,435
22069,12166,798
22071,641471,41842
22073,106096,3366
22075,18311,1432
22077,14141,1654
22079,62217,2296
22081,3508,516
22083,9618,163
22085,3374,37
22087,46919,1754
22089,55254,3666
22091,4189,80
22093,26002,2025
22095,73814,6617
22097,25679,3983
22099,29343,1835
22101,25248,2270
22103,144562,11796
22105,70825,2686
22107,965,0
22109,55028,3794
22111,22127,1208
22113,6798,270
22115,3585,252
22117,35204,2715
22119,15483,558
22121,13972,2196
22123,4250,89
22125,15348,725
22127,10386,240
23001,19991,202
23003,801,44
23005,87447,3516
23007,2674,71
23009,952,58
23011,10404,650
23013,1720,32
23015,1633,0
23017,2227,0
23019,7618,85
23021,100,0
23023,2329,4
23025,1784,0
23027,4288,1050
23029,162,0
23031,29624,755
24001,12537,1024
24003,273338,11948
24005,436995,23354
24009,23498,1288
24011,16340,72
24013,64079,6536
24015,26920,1536
24017,79561,5206
24019,9701,239
24021,137009,7199
24023,698,2
24025,61667,3157
24027,137110,4143
24029,11379,1161
24031,784053,40410
24033,1045809,37259
24035,10944,837
24037,32119,1828
24039,4774,125
24041,6566,191
24043,33721,1082
24045,61396,1875
24047,14100,750
24510,385943,17622
25001,103998,7769
25003,46817,3339
25005,494490,29296
25007,2607,56
25009,1039147,63778
25011,26479,3815
25013,441339,42217
25015,62765,5841
25017,1597429,110948
25019,1153,7
25021,630049,58115
25023,579435,38275
25025,1369331,62094
25027,763405,49448
26001,988,66
26003,55,0
26005,16234,329
26007,7265,661
26009,1089,1
26011,2473,91
26013,113,0
26015,5254,127
26017,22119,1437
26019,382,0
26021,49463,3150
26023,68390,1683
26025,29417,1693
26027,6324,240
26029,1633,106
26031,1869,109
26033,336,8
26035,1490,158
26037,13500,840
26039,4670,355
26041,1474,171
26043,447,178
26045,16698,543
26047,2143,188
26049,175904,19409
26051,1511,76
26053,452,101
26055,2664,436
26057,5019,560
26059,13529,1800
26061,451,0
26063,3440,91
26065,58011,1742
26067,10870,268
26069,6302,645
26071,113,8
26073,6824,618
26075,124445,3535
26077,58951,3583
26079,2066,188
26081,254077,6254
26083,25,0
26085,387,0
26087,32567,2654
26089,960,0
26091,49004,486
26093,39356,1992
26095,263,0
26097,587,0
26099,562079,62654
26101,1670,16
26103,4508,801
26105,2268,0
26107,1770,163
26109,634,0
26111,8400,593
26113,1504,100
26115,38283,1444
26117,5290,89
26119,396,0
26121,43797,2499
26123,6732,0
26125,792419,75724
26127,7520,170
26129,1798,64
26131,1,0
26133,1221,0
26135,639,58
26137,9162,747
26139,52123,2482
26141,864,0
26143,1745,0
26145,78182,7521
26147,36646,2791
26149,10374,168
26151,3472,432
26153,317,0
26155,18176,1600
26157,13961,1705
26159,10868,425
26161,142070,7622
26163,1707691,186809
26165,1310,197
27001,557,0
27003,89105,4468
27005,2545,0
27007,1242,0
27009,10376,161
27011,556,0
27013,11361,57
27015,1248,138
27017,5644,0
27019,13784,92
27021,807,112
27023,2918,40
27025,3962,93
27027,28360,1854
27029,316,0
27031,22,0
27033,5591,0
27035,4623,343
27037,86843,3517
27039,3750,0
27041,2466,0
27043,1579,0
27045,1568,57
27047,10401,0
27049,4951,263
27051,266,0
27053,534593,40560
27055,451,0
27057,171,0
27059,2399,0
27061,3267,512
27063,2760,0
27065,686,47
27067,30099,68
27069,87,0
27071,475,7
27073,230,0
27075,135,0
27079,3862,54
27081,413,0
27083,8261,63
27085,2674,0
27087,374,60
27089,663,0
27091,10017,432
27093,2797,29
27095,1296,82
27097,2599,24
27099,27651,81
27101,2554,0
27103,5205,532
27105,99100,271
27107,995,0
27109,47836,828
27111,4153,30
27113,1650,0
27115,6129,0
27117,860,7
27119,4242,109
27121,492,0
27123,191247,8893
27125,214,0
27127,506,0
27129,754,21
27131,30461,199
27133,1567,0
27135,260,0
27137,9056,1037
27139,26833,188
27141,14194,143
27143,1293,49
27145,120892,846
27147,9623,3
27149,72,0
27151,1011,30
27153,16170,60
27155,312,0
27157,1523,0
27159,559,0
27161,2042,0
27163,42503,1997
27165,5798,0
27167,1114,241
27169,6801,1198
27171,18985,146
27173,744,0
28001,15234,1108
28003,1806,68
28005,4299,96
28007,19370,985
28009,1306,0
28011,13393,839
28013,5724,298
28015,8031,583
28017,10903,968
28019,3245,173
28021,7355,290
28023,9790,1121
28025,9346,325
28027,9392,313
28029,22622,374
28031,11879,137
28033,48811,681
28035,39687,2310
28037,2109,115
28039,2398,121
28041,2328,171
28043,9415,204
28045,7392,843
28047,26040,579
28049,83839,1718
28051,26846,1890
28053,4697,498
28055,64,8
28057,6525,484
28059,27795,1038
28061,10838,257
28063,3339,73
28065,5264,177
28067,42774,1730
28069,9532,662
28071,12775,296
28073,17939,360
28075,50885,4263
28077,7194,44
28079,29419,730
28081,16025,660
28083,21625,2442
28085,20642,1761
28087,16443,514
28089,52534,1627
28091,9756,610
28093,7485,229
28095,19164,1713
28097,5959,107
28099,43793,2570
28101,17071,292
28103,12102,324
28105,17704,896
28107,8048,261
28109,16976,2106
28111,3640,201
28113,17195,758
28115,5360,231
28117,4217,181
28119,2644,0
28121,33385,628
28123,43147,660
28125,750,0
28127,8041,47
28129,10779,659
28131,2522,18
28133,8911,294
28135,2797,94
28137,8216,114
28139,6910,884
28141,2315,18
28143,4564,209
28145,6227,400
28147,6009,51
28149,14821,622
28151,15878,478
28153,15835,249
28155,5043,335
28157,6918,712
28159,9106,100
28161,6775,288
28163,20789,291
29001,3902,0
29003,1852,0
29005,232,0
29007,4919,38
29009,1210,0
29011,374,0
29013,768,83
29015,881,0
29017,574,0
29019,15263,132
29021,43518,169
29023,3386,0
29025,448,0
29027,2751,90
29029,3651,99
29031,6750,169
29033,535,0
29035,404,92
29037,7686,629
29039,723,0
29041,512,0
29043,2369,3
29045,106,0
29047,16396,340
29049,1520,0
29051,5226,105
29053,809,0
29055,725,0
29057,20,0
29059,396,11
29061,361,0
29063,516,0
29065,87,0
29067,108,0
29069,3676,185
29071,12526,1156
29073,294,0
29075,2064,237
29077,14363,779
29079,437,0
29081,736,0
29083,983,186
29087,86,0
29089,250,0
29091,1155,0
29093,172,0
29095,52856,1712
29097,8752,11
29099,30332,1175
29101,6626,0
29103,50,0
29105,602,0
29107,5749,142
29109,724,7
29111,494,74
29113,6186,88
29115,709,83
29117,390,0
29119,10133,11
29121,366,0
29123,230,0
29125,224,0
29127,562,0
29129,160,0
29131,414,0
29133,4127,0
29135,3591,50
29137,138,0
29139,883,0
29141,662,0
29143,1739,51
29145,7077,92
29147,840,0
29149,245,0
29151,471,0
29153,20,0
29155,5763,299
29157,5855,0
29159,5622,54
29161,577,0
29163,1675,54
29165,5774,146
29167,381,0
29169,4944,95
29171,52,0
29173,320,0
29175,861,0
29177,1476,0
29179,195,0
29181,750,0
29183,64971,4434
29185,175,0
29186,969,90
29187,4135,140
29189,381884,29409
29195,18474,124
29197,108,0
29199,504,25
29201,8650,546
29203,228,0
29205,133,0
29207,5948,275
29209,533,0
29211,3751,0
29213,1704,152
29215,82,0
29217,714,2
29219,2372,0
29221,938,71
29223,48,0
29225,1485,12
29227,231,0
29229,1050,0
29510,147983,8848
30001,92,0
30003,2151,71
30007,416,0
30009,730,0
30013,1700,154
30017,476,0
30021,89,0
30023,298,0
30027,34,0
30029,3742,157
30031,15929,68
30035,587,0
30037,243,0
30039,28,0
30041,102,0
30043,261,0
30047,654,0
30049,1776,0
30051,96,0
30053,688,100
30057,801,97
30059,106,0
30063,4076,92
30065,98,0
30067,762,0
30073,159,0
30081,1021,0
30083,389,0
30085,598,0
30087,153,9
30091,2,0
30093,1154,0
30095,157,0
30099,20,0
30101,2636,517
30103,22,0
30105,32,0
30107,72,0
30111,9139,198
31001,19228,634
31003,512,11
31007,28,0
31011,317,0
31013,155,0
31015,34,0
31019,11628,96
31021,597,0
31023,2629,0
31025,2857,8
31027,548,0
31029,42,0
31031,95,0
31033,805,0
31035,1508,0
31037,36654,187
31039,1828,4
31041,2790,298
31043,107339,1462
31045,86,0
31047,55723,432
31051,2070,39
31053,29588,174
31055,288066,3366
31059,502,34
31061,438,0
31063,67,0
31065,516,25
31067,3597,287
31069,133,0
31071,31,0
31073,948,0
31077,175,0
31079,108485,2937
31081,4415,808
31083,19,0
31087,66,0
31089,88,0
31091,4,0
31093,2573,167
31095,472,0
31097,437,0
31099,803,0
31101,136,0
31103,1,0
31105,914,0
31107,764,0
31109,78857,541
31111,3660,165
31115,1,0
31119,20846,293
31121,2220,0
31123,904,0
31125,278,0
31127,261,0
31129,53,0
31131,650,0
31135,1,0
31137,1199,0
31139,305,0
31141,34928,86
31143,785,0
31145,356,0
31147,118,25
31149,13,0
31151,30562,89
31153,44487,276
31155,2869,77
31157,8213,63
31159,1805,75
31161,39,0
31163,243,0
31165,79,0
31167,1187,0
31169,37,0
31171,60,0
31173,3095,23
31175,304,0
31177,2875,83
31179,1063,0
31181,396,0
31185,2294,0
32001,591,76
32003,602638,25578
32005,2854,0
32007,3167,92
32011,9,0
32013,5543,269
32015,1491,0
32017,111,0
32019,5064,63
32021,286,0
32023,5024,110
32027,171,0
32029,59,0
32031,128800,4271
32033,268,0
32510,7189,251
33001,4881,24
33003,3895,0
33005,4356,176
33007,353,0
33009,6262,65
33011,170799,10230
33013,24292,987
33015,94964,4747
33017,18921,852
33019,1596,95
34001,151649,10051
34003,1518671,121848
34005,330278,21001
34007,457604,24058
34009,43548,3561
34011,150186,5482
34013,1393508,126182
34015,158850,9408
34017,1442742,87126
34019,72780,4698
34021,490652,32682
34023,1217831,72875
34025,652730,44535
34027,520889,46403
34029,685740,53097
34031,1246894,66933
34033,41667,2906
34035,355057,30542
34037,89731,11166
34039,1241115,78093
34041,89521,9415
35001,113514,5056
35003,155,71
35005,3865,133
35006,10509,493
35007,489,11
35009,4939,0
35013,36374,289
35015,2549,102
35017,1324,0
35019,1318,0
35021,73,0
35023,803,0
35025,3001,0
35027,357,0
35028,551,0
35029,1737,87
35031,167986,7273
35035,27249,192
35037,366,76
35039,3754,38
35041,2536,20
35043,45024,1812
35045,119779,8113
35047,927,0
35049,12844,166
35051,231,0
35053,4081,287
35055,2390,12
35057,3179,59
35059,302,0
35061,6024,100
36001,137466,9584
36003,3984,7
36007,40569,3264
36009,6635,199
36011,6556,90
36013,6116,239
36015,10964,366
36017,10397,146
36019,7431,324
36021,28025,2604
36023,3191,0
36025,6529,6
36027,308772,10191
36029,442701,35688
36031,3477,0
36033,1845,0
36035,13571,851
36037,15607,346
36039,16960,265
36041,444,0
36043,8623,110
36045,6324,0
36049,1461,0
36051,8611,281
36053,22821,300
36055,214118,14970
36057,6811,285
36059,3414145,204137
36063,70232,3373
36065,76163,3900
36067,150890,8672
36069,14492,1093
36071,839985,27523
36073,15143,1760
36075,9188,14
36077,6210,474
36079,97160,4594
36083,35565,2335
36087,1111173,35601
36089,16320,180
36091,38633,323
36093,52623,2381
36095,3954,0
36097,858,0
36099,4312,22
36101,20161,1323
36103,3270094,141357
36105,99475,1970
36107,9151,1089
36109,13922,168
36111,129560,2811
36113,18258,1897
36115,16611,659
36117,9237,60
36119,2850729,114583
36121,6662,257
36123,2482,345
37001,35082,1383
37003,2731,5
37005,1371,0
37007,5104,38
37009,2286,25
37011,258,0
37013,3237,0
37015,7834,256
37017,10635,122
37019,13855,358
37021,22836,1486
37023,34964,1094
37025,44566,1573
37027,12861,158
37029,535,0
37031,3620,256
37033,5414,60
37035,21645,430
37037,46989,1904
37039,1991,99
37041,1161,0
37043,553,0
37045,9613,171
37047,23730,1726
37049,14106,369
37051,49964,1543
37053,927,0
37055,1884,93
37057,35419,865
37059,7423,198
37061,55098,951
37063,143222,3268
37065,15084,567
37067,103479,1201
37069,14377,1519
37071,31761,551
37073,1423,63
37075,276,0
37077,31081,836
37079,6264,108
37081,105272,5078
37083,12775,127
37085,25096,1620
37087,3307,0
37089,27697,2948
37091,7257,288
37093,16285,79
37095,206,0
37097,25505,411
37099,3186,61
37101,45686,1687
37103,1837,198
37105,32822,271
37107,15525,494
37109,7642,8
37111,7222,74
37113,7546,89
37115,290,0
37117,4952,221
37119,387372,7147
37121,1084,0
37123,10133,302
37125,17139,665
37127,17105,279
37129,23096,314
37131,11471,816
37133,9793,180
37135,30507,2536
37137,947,0
37139,8266,670
37141,7224,64
37143,1825,125
37145,4173,67
37147,26479,210
37149,3265,204
37151,48786,1015
37153,11485,256
37155,53779,1499
37157,7422,181
37159,54841,2505
37161,14931,567
37163,35530,198
37165,5837,9
37167,9313,338
37169,4696,14
37171,15346,101
37173,1522,4
37175,1093,31
37177,396,0
37179,44038,1394
37181,21544,1584
37183,175861,2482
37185,5526,122
37187,2453,235
37189,2255,0
37191,87365,1333
37193,28857,291
37195,29165,876
37197,12041,179
37199,1289,0
38003,658,0
38005,126,0
38007,15,0
38009,164,0
38011,89,0
38013,387,0
38015,11841,0
38017,110746,3267
38019,32,0
38021,95,0
38023,99,0
38025,927,0
38027,277,0
38029,235,89
38031,114,0
38035,24113,199
38037,158,0
38039,58,0
38041,9,0
38043,51,0
38045,273,0
38049,178,97
38051,108,0
38053,1466,0
38055,592,0
38057,317,0
38059,4539,180
38061,3449,0
38063,83,0
38065,103,0
38067,425,0
38069,297,0
38071,624,48
38073,611,0
38075,158,0
38077,1668,0
38079,398,0
38081,256,0
38083,29,0
38085,453,0
38087,272,0
38089,5196,177
38091,53,0
38093,2329,14
38097,733,0
38099,1029,0
38101,3357,84
38103,331,0
38105,1796,0
39001,850,48
39003,15370,2369
39005,1838,9
39007,22160,2278
39009,1276,97
39011,5119,242
39013,27787,1020
39015,2247,96
39017,62871,1882
39019,2605,165
39021,2084,86
39023,23471,399
39025,15538,366
39027,3589,3
39029,51794,3533
39031,3160,8
39033,7668,227
39035,337154,17633
39037,12540,1593
39039,2652,130
39041,25449,805
39043,11262,870
39045,22360,523
39047,2692,0
39049,432643,17808
39051,3146,0
39053,704,103
39055,21187,2144
39057,8569,449
39059,2632,92
39061,209993,10491
39063,4224,87
39065,4609,218
39067,662,15
39069,1134,0
39071,1889,62
39073,4010,297
39075,4630,140
39077,5482,102
39079,917,0
39081,5040,134
39083,2118,94
39085,23474,932
39087,2789,2
39089,19427,710
39091,2836,5
39093,54139,4085
39095,162289,16628
39097,10015,488
39099,107495,12809
39101,196986,1693
39103,25388,1795
39105,438,0
39107,12612,369
39109,26086,2493
39111,4147,655
39113,60874,1241
39115,446,0
39117,7124,69
39119,3435,33
39121,481,0
39123,6604,863
39125,1066,0
39127,1536,61
39129,153049,2326
39131,667,0
39133,26183,4140
39135,3071,88
39137,6598,937
39139,14946,234
39141,5307,120
39143,5721,747
39145,1379,0
39147,1787,147
39149,3558,168
39151,54504,6475
39153,101092,10745
39155,44019,3549
39157,23018,314
39159,3743,38
39161,726,0
39163,1192,79
39165,30027,1307
39167,9148,1313
39169,19263,3445
39171,3792,86
39173,21216,3098
39175,3130,221
40001,6923,290
40003,83,0
40005,455,0
40007,1655,0
40009,551,0
40011,491,0
40013,2784,75
40015,10553,704
40017,12172,262
40019,2842,69
40021,3367,89
40023,3942,38
40025,75,0
40027,46006,2987
40029,216,0
40031,19734,238
40033,467,131
40035,1222,0
40037,8555,559
40039,2125,0
40041,8702,1143
40043,238,0
40045,14,0
40047,2661,97
40049,2218,67
40051,6618,221
40053,178,0
40055,5638,571
40057,5,0
40059,78,0
40061,454,0
40063,180,0
40065,1998,134
40067,290,0
40069,382,0
40071,5454,571
40073,1057,0
40075,482,12
40077,527,92
40079,1349,58
40081,1748,125
40083,1872,67
40085,1071,0
40087,7843,199
40089,9032,86
40091,1314,47
40093,447,82
40095,839,0
40097,3290,337
40099,480,0
40101,4668,555
40103,1146,2
40105,2034,26
40107,378,0
40109,116016,4325
40111,2375,0
40113,8762,708
40115,3260,126
40117,3254,191
40119,9015,71
40121,3277,213
40123,1513,147
40125,5343,338
40127,320,0
40131,7346,365
40133,1952,181
40135,1554,258
40137,2989,94
40139,52353,338
40141,1411,54
40143,108842,4014
40145,13554,1340
40147,25604,2401
40149,118,0
40151,295,0
40153,428,0
41001,75,0
41003,4662,422
41005,31488,1056
41007,2789,0
41009,1598,0
41011,2206,0
41013,385,0
41015,475,0
41017,10098,0
41019,2471,0
41021,1,0
41023,107,0
41025,68,0
41027,2979,0
41029,6126,0
41031,3394,0
41033,2248,85
41035,4681,3
41037,262,0
41039,6881,217
41041,7590,25
41043,9857,710
41045,2814,28
41047,76779,2220
41049,1555,15
41051,100940,4668
41053,7845,667
41055,93,0
41057,582,0
41059,13034,190
41061,6150,9
41063,260,0
41065,2444,70
41067,66468,1356
41071,6104,645
42001,18218,558
42003,156403,11440
42005,5010,323
42007,44017,5671
42009,3384,145
42011,299694,19748
42013,3568,48
42015,3582,285
42017,368527,33005
42019,19831,834
42021,4169,187
42023,169,0
42025,18805,1613
42027,12181,383
42029,203484,18139
42031,2279,126
42033,3218,0
42035,3983,127
42037,27614,2063
42039,2487,0
42041,46180,3346
42043,96703,5518
42045,468067,38656
42047,520,11
42049,22811,416
42051,7988,337
42053,616,0
42055,50502,2111
42057,959,49
42059,2607,15
42061,13967,147
42063,7062,388
42065,917,23
42067,7900,235
42069,110790,11721
42071,238593,21416
42073,6800,646
42075,77924,2103
42077,297468,14937
42079,218385,10528
42081,11030,896
42083,867,59
42085,8172,301
42087,4200,48
42089,111074,6931
42091,527298,47463
42093,4907,9
42095,231152,14618
42097,14473,180
42099,4376,215
42101,1680717,90962
42103,37940,1490
42105,666,0
42107,45935,2098
42109,3731,110
42111,3082,53
42113,202,0
42115,9653,1122
42117,1569,160
42119,4884,90
42121,967,0
42123,274,32
42125,12353,358
42127,9962,544
42129,39191,2804
42131,2509,397
42133,80539,1964
44001,15652,517
44003,74138,4089
44005,18317,270
44007,772826,33348
44009,35841,3057
45001,4198,0
45003,15832,598
45005,2502,192
45007,24058,729
45009,2881,8
45011,3454,51
45013,42201,1109
45015,30048,1213
45017,2250,100
45019,94701,1070
45021,4516,219
45023,6636,36
45025,14274,358
45027,23816,2564
45029,9776,829
45031,20913,600
45033,11835,225
45035,19320,225
45037,3940,145
45039,12567,910
45041,50416,2585
45043,11133,243
45045,161314,4212
45047,14224,183
45049,3149,47
45051,74400,2174
45053,3997,142
45055,32118,1091
45057,16023,485
45059,10095,259
45061,14059,1117
45063,69236,2462
45065,751,94
45067,6566,338
45069,11748,120
45071,6426,141
45073,6276,15
45075,20834,324
45077,19584,207
45079,140872,4725
45081,9782,37
45083,56294,1855
45085,39254,1329
45087,3538,0
45089,16705,759
45091,40079,602
46003,1389,0
46005,18313,318
46007,63,0
46009,607,0
46011,2103,0
46013,16666,63
46015,404,0
46017,1875,17
46021,2,0
46023,1891,0
46025,457,0
46027,2550,0
46029,2730,0
46031,496,0
46033,144,0
46035,1537,119
46037,797,0
46039,118,0
46041,104,0
46043,188,0
46045,163,0
46047,374,0
46049,612,10
46051,641,0
46053,54,0
46057,452,0
46059,238,0
46061,136,0
46065,1761,0
46067,483,0
46069,136,0
46071,197,16
46073,1841,72
46077,165,0
46079,781,26
46081,1070,0
46083,18326,18
46085,1658,3
46087,534,87
46089,142,0
46091,254,0
46093,1476,30
46095,61,0
46097,215,0
46099,238610,2995
46101,1186,0
46102,2215,0
46103,16676,330
46109,2132,0
46111,672,0
46115,446,0
46117,677,0
46119,84,0
46121,2051,39
46123,418,0
46125,1684,0
46127,5886,24
46129,490,0
46135,4021,0
46137,90,0
47001,4024,119
47003,23393,291
47005,664,73
47007,44368,54
47009,8129,267
47011,15124,126
47013,1761,81
47015,1720,0
47017,2290,76
47019,1775,81
47021,9066,6
47023,1130,0
47025,976,0
47027,678,0
47029,2044,0
47031,5509,0
47033,1220,121
47035,9214,120
47037,443327,4991
47039,687,0
47041,2721,0
47043,9141,0
47045,6481,5
47047,10670,133
47049,828,0
47051,4213,130
47053,5160,74
47055,1458,6
47057,1086,0
47059,4471,178
47061,3055,82
47063,5192,204
47065,84401,1568
47067,81,0
47069,12893,26
47071,2240,162
47073,3008,178
47075,2852,129
47077,1219,0
47079,2093,0
47081,4116,0
47083,649,0
47085,1166,71
47087,1243,0
47089,3332,2
47091,1327,0
47093,38401,434
47095,32489,0
47097,4304,60
47099,3688,69
47101,308,0
47103,2372,0
47105,10328,24
47107,10246,802
47109,1855,0
47111,11570,257
47113,13893,129
47115,3516,145
47117,2850,86
47119,9726,85
47121,1751,0
47123,4974,192
47125,21966,294
47127,325,0
47129,1240,19
47131,3184,110
47133,2109,4
47135,1514,0
47137,199,0
47139,1585,0
47141,33064,430
47143,10608,0
47145,1645,0
47147,34492,304
47149,101053,1788
47151,1096,0
47153,1146,0
47155,14975,158
47157,422401,8763
47159,2993,81
47161,945,0
47163,5490,148
47165,77356,3664
47167,30272,185
47169,92321,278
47171,1846,0
47173,482,0
47175,293,0
47177,1953,0
47179,6793,0
47181,3498,0
47183,2340,11
47185,2454,57
47187,52260,878
47189,35381,699
48001,22588,38
48003,2612,1
48005,16995,240
48007,514,0
48009,146,0
48011,185,0
48013,3378,120
48015,2441,0
48017,2231,12
48019,660,0
48021,16797,254
48023,35,0
48025,1413,0
48027,38379,472
48029,318052,6015
48031,938,36
48035,521,0
48037,18884,977
48039,84795,976
48041,54802,1782
48043,1445,5
48045,82,0
48047,121,0
48049,4111,584
48051,2559,0
48053,3907,62
48055,7999,25
48057,3557,220
48059,678,81
48061,75412,2596
48063,4564,24
48065,353,0
48067,2130,119
48069,3028,92
48071,8123,25
48073,3978,129
48075,247,0
48077,360,0
48079,73,0
48081,143,12
48083,164,0
48085,118831,2539
48087,277,0
48089,2446,0
48091,15461,583
48093,719,66
48095,158,0
48097,1401,0
48099,18744,147
48101,254,57
48103,1650,210
48105,171,0
48107,437,81
48109,39,0
48111,2394,24
48113,832839,17281
48115,2987,87
48117,11498,676
48119,174,0
48121,120504,2458
48123,2140,75
48125,113,0
48127,199,0
48129,2261,0
48131,602,0
48133,502,0
48135,22362,423
48137,20,0
48139,28509,1044
48141,216711,5351
48143,2476,93
48145,892,0
48147,3279,198
48149,3242,125
48151,135,43
48153,868,4
48157,163860,3285
48159,1262,0
48161,897,0
48163,4748,0
48165,649,0
48167,98439,2676
48169,391,0
48171,791,0
48173,141,0
48175,639,0
48177,9028,195
48179,6890,134
48181,21843,156
48183,17288,470
48185,13150,102
48187,16614,21
48189,6962,367
48191,88,24
48193,794,43
48195,1291,123
48197,136,0
48199,11752,360
48201,1135649,18193
48203,16568,1521
48205,868,121
48207,163,0
48209,60356,279
48211,179,0
48213,4952,117
48215,83830,1128
48217,2451,80
48219,2330,93
48221,2585,281
48223,2013,8
48225,6517,0
48227,1033,85
48229,386,0
48231,11061,314
48233,2674,0
48235,41,0
48237,385,0
48239,1541,52
48241,2417,141
48243,24,0
48245,61515,2114
48247,390,0
48249,1998,0
48251,16170,278
48253,25398,0
48255,687,0
48257,19171,158
48259,2620,0
48261,2,0
48265,1846,30
48267,84,0
48271,52,0
48273,1641,83
48275,99,0
48277,10537,574
48279,1266,0
48281,768,0
48283,357,0
48285,2544,71
48287,1748,84
48289,938,0
48291,9099,163
48293,2168,92
48295,326,0
48297,801,0
48299,394,0
48303,75224,3951
48305,976,75
48307,372,0
48309,20438,394
48313,963,0
48315,1296,39
48317,385,61
48319,2075,0
48321,7622,416
48323,9884,83
48325,9249,167
48327,55,0
48329,17098,886
48331,2853,72
48333,47,0
48335,158,0
48337,805,75
48339,87284,1895
48341,48575,816
48343,1630,0
48345,83,0
48347,20741,1352
48349,6217,247
48351,443,0
48353,565,0
48355,42297,290
48357,2980,127
48359,328,102
48361,9050,150
48363,988,145
48365,12751,1280
48367,7496,45
48369,5692,79
48371,4638,0
48373,4591,0
48375,151837,1964
48377,298,0
48379,338,0
48381,45232,419
48383,109,0
48385,34,0
48387,4092,358
48389,653,0
48391,318,0
48393,175,0
48395,1143,0
48397,13179,715
48399,214,0
48401,7852,135
48403,757,32
48405,3625,238
48407,1409,0
48409,3503,0
48411,96,0
48413,265,0
48415,1196,0
48417,68,0
48419,14787,440
48421,1793,0
48423,21701,344
48425,109,0
48427,9448,36
48429,268,0
48435,64,0
48437,1366,29
48439,457205,11535
48441,28069,401
48443,18,0
48445,1144,0
48447,3,0
48449,29050,176
48451,8627,86
48453,308695,6597
48455,1332,0
48457,1022,0
48459,2220,0
48461,41,0
48463,1805,10
48465,2777,0
48467,2925,130
48469,18300,478
48471,81178,1436
48473,5499,0
48475,275,0
48477,15032,1701
48479,52821,1570
48481,6385,31
48483,987,0
48485,10714,159
48487,410,0
48489,3557,149
48491,63002,1749
48493,3871,331
48495,436,0
48497,3737,257
48499,2865,167
48501,523,0
48503,768,81
48505,1301,0
48507,737,0
49001,101,0
49003,4329,76
49005,39077,45
49007,796,0
49011,45771,256
49013,724,0
49015,540,0
49017,387,0
49019,618,0
49021,8300,0
49023,832,0
49025,330,0
49027,883,0
49029,1056,0
49031,108,0
49033,67,0
49035,446004,5298
49037,19001,356
49039,1341,0
49041,1306,0
49043,38215,2
49045,10424,0
49047,1120,0
49049,161244,1133
49051,22203,136
49053,33147,0
49057,30469,463
50001,5881,162
50003,5252,88
50005,1321,0
50007,43964,3110
50009,211,0
50011,8676,429
50013,500,0
50015,2560,88
50017,752,0
50019,1007,0
50021,4843,80
50023,3456,80
50025,7002,234
50027,4444,196
51001,55235,762
51003,16519,466
51005,1393,88
51007,2213,75
51009,1954,4
51011,2185,0
51013,143830,7061
51015,8286,106
51019,4953,115
51021,30,0
51023,3716,269
51025,3164,51
51027,1469,0
51029,28930,165
51031,1680,52
51033,5408,176
51035,7496,183
51036,2101,125
51037,1604,0
51041,118217,2547
51043,2099,0
51045,386,0
51047,40577,467
51049,2504,0
51051,44,0
51053,5379,4
51057,2820,0
51059,720759,24786
51061,21267,364
51063,534,31
51065,7342,445
51067,3153,55
51069,23637,232
51071,514,0
51073,2799,75
51075,7868,403
51077,2902,51
51079,2475,75
51081,12516,501
51083,2397,32
51085,21603,1480
51087,132592,9845
51089,8807,176
51091,183,0
51093,10670,342
51095,18351,1193
51097,1015,38
51099,4987,298
51101,1772,13
51103,629,0
51105,809,0
51107,176708,4064
51109,6256,44
51111,1092,0
51113,2480,62
51115,417,0
51117,14421,1369
51119,907,0
51121,6698,95
51125,1131,0
51127,2959,79
51131,14895,1213
51133,1649,59
51135,3343,24
51137,6890,74
51139,14255,1256
51141,1444,11
51143,3608,75
51145,2929,32
51147,8925,194
51149,8865,8
51153,358617,6589
51155,1632,39
51157,939,0
51159,17989,271
51161,8827,270
51163,1247,0
51165,36524,378
51167,570,0
51169,589,133
51171,27994,1233
51173,1603,11
51175,10419,147
51177,40111,787
51179,48414,301
51181,716,75
51183,9087,122
51185,685,0
51187,11997,186
51191,4136,272
51193,4657,47
51195,2007,138
51197,2131,75
51199,6285,198
51510,128142,2949
51520,266,0
51530,864,0
51540,9192,216
51550,40558,999
51570,7013,863
51580,191,0
51590,4412,119
51595,5645,380
51600,4055,333
51610,3509,421
51620,2767,104
51630,10561,2
51640,8942,293
51650,16029,267
51660,54785,1507
51670,6939,65
51678,555,0
51680,6906,75
51683,65504,652
51685,19503,305
51700,22426,738
51710,38602,469
51720,176,0
51730,9289,195
51735,831,0
51740,22919,837
51750,483,0
51760,93138,1744
51770,14342,484
51775,2786,132
51790,3078,0
51800,22375,1915
51810,57444,1645
51820,3138,0
51830,3483,303
51840,12924,116
53001,6186,0
53003,1519,144
53005,82111,5146
53007,17666,622
53009,2164,0
53011,44641,2215
53013,203,0
53015,7339,0
53017,11860,196
53019,102,0
53021,65217,1530
53025,25129,265
53027,1489,0
53029,17326,926
53031,2981,0
53033,701862,47669
53035,15614,171
53037,5493,0
53039,2772,259
53041,3315,253
53043,210,0
53045,2980,70
53047,4315,134
53049,704,54
53051,224,0
53053,182499,6042
53055,1426,0
53057,36446,1181
53059,302,0
53061,290193,11934
53063,56067,2632
53065,1057,83
53067,13854,227
53069,306,0
53071,8783,137
53073,36306,3086
53075,2047,0
53077,296945,7448
54001,731,73
54003,23583,474
54005,887,0
54007,185,0
54009,396,0
54011,5500,0
54013,119,0
54015,353,12
54019,3192,184
54021,602,0
54023,720,0
54025,1525,9
54027,1843,77
54029,1352,0
54031,2257,0
54033,3663,90
54035,10875,1249
54037,12408,158
54039,18326,1149
54041,632,56
54043,346,0
54045,1433,84
54047,521,0
54049,4395,180
54051,2221,0
54053,1248,0
54055,1372,0
54057,2904,78
54059,602,104
54061,11458,411
54063,589,0
54065,1355,0
54067,632,55
54069,4089,83
54071,688,30
54073,279,0
54075,1087,0
54077,2351,77
54079,2881,3
54081,1647,0
54083,6023,0
54085,92,0
54087,696,31
54089,95,0
54091,771,0
54093,438,0
54095,269,0
54097,661,0
54099,7955,632
54101,1,0
54103,596,0
54105,303,0
54107,4367,155
54109,264,0
55001,567,102
55003,210,0
55005,1421,5
55007,303,78
55009,157433,2063
55011,480,121
55013,86,52
55015,4810,81
55017,4139,0
55019,3077,318
55021,4049,90
55023,1657,0
55025,69225,2259
55027,18071,198
55029,2475,213
55031,1444,0
55033,1865,0
55035,8378,13
55037,193,0
55039,15228,400
55041,1459,89
55043,6815,758
55045,4213,21
55047,1221,0
55049,1237,0
55051,221,100
55053,1478,83
55055,8804,183
55057,1868,84
55059,78742,1993
55061,2542,82
55063,9659,0
55065,2238,0
55067,237,0
55069,366,0
55071,2990,70
55073,5011,85
55075,2315,162
55077,502,78
55078,240,0
55079,554507,22939
55081,2150,68
55083,2624,0
55085,917,0
55087,17762,462
55089,13362,1110
55091,52,0
55093,2955,0
55095,1675,46
55097,3224,0
55099,130,0
55101,104433,2678
55103,1117,243
55105,45103,1265
55107,522,0
55109,6099,16
55111,6376,279
55113,528,0
55115,3304,0
55117,8806,262
55119,243,0
55121,2943,0
55123,1234,0
55125,583,0
55127,27933,1051
55129,172,0
55131,18038,657
55133,55741,2228
55135,3481,209
55137,829,0
55139,23117,397
55141,1273,43
56001,1530,0
56003,536,0
56005,2874,0
56007,1171,48
56009,1926,0
56011,457,0
56013,19328,490
56015,430,0
56017,748,0
56019,1531,83
56021,15487,129
56023,1192,0
56025,6373,38
56027,172,0
56029,669,0
56031,67,0
56033,1707,0
56035,310,0
56037,2897,0
56039,9156,73
56041,3913,0
56043,1953,156
56045,45,0
