geoid,total_count,total_tested,race_White_count,race_White_tested,race_Asian_count,race_Asian_tested,race_Hispanic_count,race_Hispanic_tested,race_Black_count,race_Black_tested,race_NH/PI*_count,race_NH/PI*_tested,race_AI/AN**_count,race_AI/AN**_tested,race_unkown_count,race_unkown_tested,race_other_count,race_other_tested,age_<20_count,age_<20_tested,age_20-29_count,age_20-29_tested,age_30-39_count,age_30-39_tested,age_40-49_count,age_40-49_tested,age_50-59_count,age_50-59_tested,age_60-69_count,age_60-69_tested,age_70-79_count,age_70-79_tested,age_80+_count,age_80+_tested,age_Unknown_count,age_Unknown_tested,gender_male_count,gender_male_tested,gender_female_count,gender_female_tested,gender_unkown_count,gender_unkown_tested
1760453,882,7879,0,8,38,339,107,1176,139,1026,111,1068,169,1335,109,1330,94,873,115,724,241,2578,121,609,334,3978,25,201,16,82,142,421,0,0,0,9,420,3412,451,4305,11,162
1760525,336,5332,0,11,23,431,41,604,47,619,46,640,49,896,57,953,34,643,39,535,149,2147,22,160,88,2452,10,175,0,50,61,347,0,0,0,0,163,2275,173,2885,0,172
1760068,349,4763,0,0,16,322,37,603,50,602,33,583,50,819,48,713,24,513,91,604,207,1831,0,22,79,2444,18,207,21,130,19,120,0,7,0,0,147,1996,193,2709,9,58
1760015,204,3093,0,0,12,314,17,335,20,408,28,390,32,487,20,465,31,377,44,316,140,1571,6,16,24,1248,13,151,10,54,10,49,0,0,0,0,83,1350,119,1653,0,90
1760201,354,5830,0,27,24,396,45,631,58,975,49,623,43,746,42,734,45,557,48,1141,130,1913,98,577,33,2684,29,381,10,68,51,201,0,0,0,0,166,2277,188,3367,0,186
1760107,687,5320,0,8,46,355,129,918,136,896,131,857,134,1012,69,647,34,365,7,262,62,493,13,99,281,3910,15,87,41,181,262,530,10,19,0,0,342,2200,329,2807,16,313
1760455,380,2358,0,0,24,129,40,292,49,333,48,317,56,415,78,434,47,243,37,193,118,833,27,101,127,1033,28,151,0,29,75,206,0,0,0,0,197,1155,178,1161,0,42
1760153,541,3606,0,0,47,261,100,595,96,621,110,598,90,592,47,477,37,302,13,155,30,215,234,1603,100,1088,24,197,0,6,152,495,0,0,0,0,249,1573,280,1958,12,75
1760457,151,1636,0,0,16,102,29,278,22,230,30,256,23,295,20,249,6,157,0,66,50,491,0,56,53,867,16,108,11,30,16,80,0,0,0,0,75,696,75,750,0,190
1760656,321,4004,0,0,7,195,64,724,58,501,55,776,63,690,44,601,17,268,13,248,140,1414,9,37,83,1905,26,205,17,107,41,294,0,39,0,0,157,2064,161,1874,0,66
1760193,295,4662,0,12,18,253,50,751,36,643,44,676,57,793,46,697,24,467,20,370,78,799,7,60,132,3333,10,79,29,188,38,195,0,6,0,0,136,1734,154,2614,0,314
1760141,27,919,0,18,0,0,0,73,0,34,0,66,0,95,0,210,7,356,0,63,6,38,6,29,8,107,6,730,0,0,0,13,0,0,0,0,21,828,6,74,0,17
1760638,1215,8496,0,7,93,599,211,1571,212,1294,253,1567,194,1301,124,1106,65,558,63,493,286,2312,63,247,302,3798,74,537,0,20,486,1571,0,0,0,7,582,4160,622,4234,11,102
1760652,1046,6711,0,8,70,484,177,1020,173,994,208,1131,169,1229,100,1026,54,422,95,397,54,537,240,1382,365,3771,35,177,0,14,348,826,0,0,0,0,470,2945,539,3462,37,304
1760629,3573,16764,0,18,336,1714,660,3019,749,3597,771,3257,587,2460,323,1675,106,712,41,312,166,1446,270,1415,865,8439,143,635,0,28,2120,4780,0,0,0,16,1774,7737,1756,8806,43,221
1760641,1656,12558,0,15,134,929,292,2370,303,2080,332,2195,293,2115,202,1627,66,750,34,477,182,2153,37,228,371,5770,78,611,38,203,945,3531,0,50,0,12,807,5672,823,6705,26,181
1760625,1557,11916,0,17,81,740,256,2467,251,1897,289,1888,247,1699,207,1653,120,887,106,668,257,2932,69,410,276,5065,71,800,146,648,720,1936,11,107,7,18,787,5148,710,5877,60,891
1760614,603,9075,0,20,8,380,75,1826,147,2115,70,1025,50,952,56,944,82,905,115,908,280,3207,93,462,100,4591,14,218,32,232,83,350,0,10,0,0,258,3460,330,5302,15,313
1760626,1172,11413,0,24,42,384,157,1827,151,1564,152,1663,193,1890,193,2062,169,1279,114,720,304,1715,265,1266,261,7139,53,384,36,170,250,724,0,9,0,6,579,4796,562,5548,31,1069
1760654,182,2440,0,0,0,57,53,842,39,622,28,304,35,254,17,235,0,82,0,44,73,867,38,170,37,1172,7,108,13,69,14,46,0,0,0,0,117,1139,63,1281,0,20
1760422,96,1450,0,0,7,100,13,125,9,147,20,225,19,288,13,281,0,192,11,91,13,230,50,417,31,774,0,14,0,0,0,7,0,0,0,0,45,632,51,809,0,9
1760466,514,4172,0,10,18,211,75,561,54,444,94,735,150,939,88,740,28,361,7,171,120,609,226,1276,140,2152,0,61,0,0,20,65,0,0,0,0,268,1773,242,2282,0,117
1760517,257,3752,0,0,29,287,51,639,34,497,41,543,53,689,31,596,13,345,0,152,84,1099,36,252,49,1927,0,123,28,132,52,211,0,7,0,0,128,1572,127,2095,0,85
1760417,190,2365,0,0,7,96,27,265,19,222,26,295,29,349,31,430,20,367,31,341,66,909,53,366,46,980,6,47,0,7,18,53,0,0,0,0,80,981,107,1315,0,69
1760173,113,1112,0,0,7,50,21,229,21,200,18,157,23,151,8,153,0,78,12,90,14,151,0,25,46,795,8,24,16,56,22,51,0,0,0,6,53,472,57,602,0,38
1760406,556,4295,0,0,62,340,101,721,97,733,85,732,111,882,53,516,27,254,20,117,38,357,109,599,265,2988,19,75,0,6,122,263,0,0,0,7,273,2258,280,1987,0,50
1760445,185,2468,0,0,16,162,33,365,27,364,43,372,32,427,20,449,7,210,7,117,30,521,19,153,95,1624,6,40,0,17,34,104,0,0,0,9,82,1091,99,1346,0,31
1760521,211,2235,0,0,9,256,11,174,14,213,10,287,33,393,39,345,46,303,49,263,106,744,0,14,67,1312,8,83,7,51,17,29,0,0,0,0,112,969,98,1245,0,21
1760558,78,1500,0,0,20,217,13,169,15,175,9,158,10,259,0,257,0,155,0,110,44,728,0,0,25,706,0,42,0,0,0,18,0,0,0,0,43,656,35,834,0,10
1760043,19,298,0,0,0,39,0,33,0,39,0,39,9,91,0,29,0,15,0,12,15,156,0,0,0,116,0,19,0,0,0,0,0,0,0,0,9,149,10,144,0,0
1760062,360,6594,0,17,14,376,28,671,38,650,43,808,60,1063,57,1003,42,806,78,1200,178,2556,6,72,87,3210,33,273,30,254,23,197,0,22,0,10,165,2439,187,3537,8,618
1760301,32,442,0,0,0,51,8,83,7,71,0,64,8,66,0,44,0,41,0,22,11,150,9,66,0,163,0,29,0,11,0,20,0,0,0,0,13,190,19,242,0,10
1760202,461,4719,0,0,29,409,58,729,54,617,69,683,64,750,59,769,36,413,92,349,135,1250,125,637,55,2074,34,361,14,74,98,309,0,11,0,0,191,1896,268,2729,0,94
1760634,1602,13502,0,14,101,820,290,2378,240,1976,314,2344,311,2423,212,1952,73,898,60,697,313,3072,28,188,331,5840,87,780,64,307,757,3177,20,126,0,12,780,6347,810,6967,12,188
1760163,101,749,0,0,8,46,16,121,18,128,25,139,18,131,9,89,0,72,0,23,7,116,15,185,26,259,0,30,0,13,49,144,0,0,0,0,44,333,55,404,0,12
1760162,179,1802,0,0,10,59,26,286,38,240,33,277,26,267,27,359,10,163,9,146,17,150,53,460,29,855,9,91,0,17,67,228,0,0,0,0,82,700,90,932,7,170
1760419,441,4376,0,0,22,231,59,553,60,544,60,620,87,842,82,915,41,413,30,254,11,94,285,1757,119,2434,6,52,0,0,19,36,0,0,0,0,182,1770,255,2495,0,111
1760438,441,4064,0,0,25,245,71,558,63,561,78,696,89,784,61,624,27,382,27,211,58,581,154,943,166,2277,13,92,0,12,48,156,0,0,0,0,180,1652,259,2337,0,75
1760616,515,8336,0,9,17,319,82,1492,81,1124,75,1081,87,1319,88,1495,45,879,40,618,50,917,217,1816,112,4244,8,213,58,742,68,386,0,10,0,8,247,3538,260,4230,8,568
1760630,880,7593,0,0,50,497,141,1421,172,1225,134,1180,135,1301,103,1051,61,522,84,394,221,2158,23,88,180,3254,55,497,73,317,306,1162,18,110,0,7,422,3588,453,3911,0,94
1760651,1879,10480,0,19,172,881,377,2015,327,1752,365,1878,288,1631,189,1319,131,758,30,227,40,463,581,3042,353,4292,49,343,0,14,852,2313,0,6,0,7,860,4640,993,5610,26,230
1760645,1145,8151,0,11,72,598,191,1217,193,1295,169,1117,191,1261,167,1339,72,714,90,599,342,1865,165,635,160,3992,101,609,97,351,277,656,0,29,0,14,545,3609,590,4333,10,209
1760471,231,2251,0,0,10,120,41,288,18,229,50,371,50,509,38,395,17,251,7,85,11,108,148,924,59,1164,6,27,0,0,6,21,0,0,0,0,96,898,134,1305,0,48
1760305,63,1197,0,0,0,119,9,136,10,135,13,205,10,207,12,194,0,154,0,47,25,621,9,102,14,351,0,53,0,15,9,52,0,0,0,0,34,508,29,678,0,11
1760604,24,224,0,0,0,11,0,42,0,49,10,37,0,36,0,32,0,15,0,0,0,36,0,46,11,99,0,9,0,0,0,26,0,0,0,0,17,128,7,92,0,0
1760523,117,1394,0,0,0,53,8,99,0,116,0,98,14,186,17,252,15,321,51,269,61,558,0,8,20,588,10,113,16,87,7,38,0,0,0,0,49,648,68,731,0,15
1760803,287,2636,0,0,12,134,50,419,42,383,58,391,56,482,44,435,17,270,8,121,46,615,45,310,126,1500,10,65,8,25,50,119,0,0,0,0,128,1093,158,1507,0,36
1760482,114,1029,0,0,10,50,20,161,19,151,14,150,32,205,9,175,0,79,0,58,36,383,0,23,57,542,0,40,0,0,10,31,0,0,0,0,45,477,69,529,0,23
1760472,74,895,0,0,6,27,6,100,12,91,16,129,17,187,11,191,0,107,0,60,0,34,44,364,21,474,0,8,0,0,0,15,0,0,0,0,45,422,29,461,0,12
1760018,700,4952,0,7,41,283,106,725,122,721,125,686,112,807,74,674,40,443,80,606,121,1079,13,60,246,2682,27,183,28,154,261,761,0,23,0,10,330,2005,353,2618,17,329
1760022,34,831,0,0,6,129,0,57,8,106,0,106,9,137,0,148,0,105,0,43,24,491,0,0,0,268,0,43,0,12,0,11,0,0,0,0,19,370,15,448,0,13
1760712,191,2281,0,0,13,108,26,261,21,264,30,240,24,268,20,276,13,262,44,601,77,893,0,44,44,761,23,264,30,169,10,128,0,14,0,8,93,891,95,1273,0,117
1760462,400,4493,0,0,24,276,55,606,77,592,53,602,76,750,40,706,30,532,44,425,128,1548,22,108,190,2540,18,136,18,84,23,62,0,0,0,12,166,1750,229,2663,0,80
1760103,326,4179,0,0,14,299,51,674,56,565,61,552,74,748,44,572,14,352,12,413,94,977,7,55,126,2780,9,60,32,160,56,136,0,10,0,0,144,1652,177,2256,0,271
1760171,138,1326,0,0,13,75,23,221,28,227,27,199,24,213,20,213,0,100,0,74,34,523,0,13,40,463,6,74,0,11,51,229,0,12,0,0,69,616,69,690,0,20
1760029,8,96,0,0,0,6,0,18,0,21,0,14,0,20,0,14,0,0,0,0,0,27,0,0,0,57,0,10,0,0,0,0,0,0,0,0,6,57,0,38,0,0
1760154,226,2644,0,0,17,102,32,357,27,226,37,352,32,460,35,542,31,365,15,236,38,836,66,393,49,1003,17,123,9,43,46,237,0,8,0,0,102,1102,122,1490,0,52
1760155,184,1151,0,0,19,72,24,168,24,141,38,207,34,198,25,202,12,102,8,59,10,79,100,570,37,382,10,37,6,21,17,60,0,0,0,0,80,492,99,630,0,29
1760165,186,739,0,0,24,81,33,160,39,157,35,102,28,116,15,69,10,39,0,14,24,139,0,18,42,283,11,42,0,0,102,253,0,0,0,0,88,349,96,385,0,0
1760428,245,2118,0,0,24,163,43,283,33,289,42,327,38,362,35,388,17,201,13,103,0,70,127,692,85,1273,7,20,0,0,21,57,0,0,0,0,99,871,145,1204,0,43
1760623,3584,14432,0,26,329,1479,699,2742,614,2760,748,2599,635,2309,340,1561,154,672,65,284,104,751,489,2168,731,6059,136,515,0,20,2122,4912,0,0,0,0,1758,6794,1744,7310,82,328
1760608,1887,11986,0,15,143,763,351,2668,372,2846,329,1859,331,1582,209,1269,105,589,47,395,147,1782,305,1706,261,3804,53,454,24,276,1093,3929,0,19,0,16,1037,6103,804,5616,46,267
1760612,752,6765,0,0,39,439,150,1419,124,1218,137,1075,133,1113,113,942,40,368,16,188,53,800,470,2575,121,2614,12,242,7,87,88,440,0,0,0,0,382,3249,353,3300,17,216
1760601,89,1570,0,0,0,47,26,373,29,416,7,144,9,163,6,177,0,165,7,82,45,481,14,137,15,747,0,81,9,82,0,38,0,0,0,0,47,732,42,809,0,29
1760659,834,5478,0,9,61,473,143,971,145,883,139,795,134,857,112,798,45,410,55,282,167,1031,63,275,127,2564,87,537,144,463,232,542,7,48,7,18,404,2491,406,2873,24,114
1760007,380,3822,0,7,17,180,36,459,38,465,49,452,52,595,52,679,54,423,82,562,124,535,0,16,162,3045,15,58,12,41,59,125,0,0,0,0,175,1571,202,2149,0,102
1760430,300,3073,0,0,10,187,41,338,28,307,35,394,51,541,36,611,48,413,51,279,50,627,145,701,83,1632,6,54,0,17,12,33,0,0,0,8,126,1276,170,1740,0,57
1760423,196,3020,0,0,12,244,22,322,31,440,31,465,52,612,27,505,12,293,9,139,93,1065,16,91,68,1712,0,89,8,24,7,37,0,0,0,0,102,1344,94,1641,0,35
1760194,192,3108,0,0,14,116,37,316,27,244,34,298,25,380,17,344,11,305,27,1103,39,282,0,30,80,2615,6,52,18,58,42,68,0,0,0,0,81,1075,107,1831,0,202
1760459,472,3900,0,0,30,237,89,570,96,665,87,644,68,583,61,550,26,348,15,299,140,1263,22,219,64,1683,19,160,0,30,221,539,0,0,0,6,225,1695,247,2117,0,88
1760415,228,2122,0,0,11,82,32,345,39,334,26,283,25,391,39,362,27,174,29,148,85,664,33,225,72,1012,13,79,0,25,18,110,0,0,0,7,111,908,112,1053,0,161
1760501,311,1704,0,0,34,157,43,278,80,342,75,324,42,249,17,183,12,105,8,65,46,347,12,87,80,753,23,140,0,9,148,365,0,0,0,0,149,752,160,934,0,18
1760133,791,5347,0,8,75,438,138,957,166,1013,155,884,155,924,71,662,21,278,10,183,71,544,29,153,254,3698,21,112,39,170,366,659,10,10,0,0,387,2146,383,2690,21,511
1760480,44,691,0,0,0,39,10,96,9,79,8,96,9,116,0,113,0,124,0,28,18,276,0,9,16,318,0,38,0,9,7,41,0,0,0,0,22,335,21,345,0,11
1760458,171,1648,0,0,11,128,25,285,33,270,32,275,27,286,26,224,8,131,9,49,50,510,26,192,57,760,11,84,0,0,27,96,0,0,0,0,66,698,103,927,0,23
1760056,679,6306,0,0,41,472,139,972,108,887,153,1016,123,1061,66,970,27,553,22,371,134,1452,15,67,203,3759,42,260,54,275,224,444,0,34,0,15,334,2729,337,3444,8,133
1760130,171,3622,0,7,0,62,27,525,26,469,38,585,25,604,28,604,18,423,7,343,34,842,63,855,31,1481,15,147,0,64,25,227,0,6,0,0,76,1441,90,1993,0,188
1760008,361,4281,0,0,28,315,68,579,40,546,80,597,66,663,50,719,20,481,9,376,59,772,0,18,128,3010,11,81,6,57,152,339,0,0,0,0,192,1881,166,2295,0,105
1760637,681,8382,0,0,37,595,140,1394,128,1220,102,1110,110,1429,78,1331,52,728,34,571,30,801,513,4613,112,2698,9,76,0,96,12,85,0,0,0,9,294,3599,382,4673,0,110
1760624,943,6067,0,6,82,613,186,1062,141,896,179,1060,147,1057,122,845,55,380,30,148,23,169,626,3051,174,2377,14,132,0,12,102,319,0,0,0,0,394,2644,531,3226,18,197
1760661,56,1069,0,0,0,14,16,478,25,316,8,118,0,65,0,45,0,27,0,0,24,337,0,55,13,523,0,50,6,76,6,26,0,0,0,0,27,482,29,575,0,12
1760607,501,4004,0,0,11,203,98,1254,72,857,70,597,116,474,103,358,22,186,9,71,123,1198,224,575,68,1644,11,176,20,211,54,188,0,7,0,0,286,1937,153,2012,62,55
1760657,416,7984,0,7,10,319,83,1977,118,2134,45,805,48,659,26,617,35,653,51,813,206,2830,30,173,84,4325,13,243,22,176,56,213,0,9,0,15,223,3484,187,4329,6,171
1760613,450,6121,0,8,20,262,86,1552,97,1479,54,835,54,687,58,654,36,380,45,264,169,1848,60,290,105,3350,21,241,19,148,74,230,0,13,0,0,231,2838,214,3163,0,120
1760647,1528,13434,0,10,108,777,269,3645,251,3159,250,1783,277,1532,178,1247,112,777,83,504,153,2848,65,530,323,6355,45,456,14,173,925,3042,0,18,0,12,754,5853,754,7214,20,367
1760653,591,7479,0,19,67,411,88,1044,62,724,96,1085,94,1288,95,1409,54,894,35,605,14,263,409,3604,135,3412,0,82,12,31,17,82,0,0,0,0,267,2938,302,3870,22,671
1760461,67,849,0,0,7,38,7,70,0,67,9,84,22,174,8,176,8,158,0,82,6,74,37,292,19,460,0,17,0,0,0,0,0,0,0,0,31,351,35,489,0,9
1760452,268,3038,0,0,13,166,49,502,57,494,46,490,48,521,32,517,10,226,13,121,83,882,33,158,109,1740,8,113,7,38,26,96,0,0,0,11,135,1389,132,1610,0,39
1760805,248,2446,0,0,11,127,46,399,27,318,36,313,30,386,37,468,23,250,38,184,41,550,59,295,101,1475,12,33,0,14,33,77,0,0,0,0,108,1019,138,1392,0,35
1760441,241,2937,0,0,12,183,53,517,39,427,43,484,44,512,27,429,15,255,8,126,89,1055,21,77,91,1590,0,100,0,11,33,98,0,0,0,0,120,1278,119,1616,0,43
1760070,282,2192,0,0,25,179,55,308,39,312,65,289,46,310,22,302,12,199,18,291,43,453,0,13,64,1255,12,63,7,34,151,369,0,0,0,0,142,859,136,1219,0,114
1760093,194,2374,0,0,30,349,24,250,38,382,33,336,40,424,11,291,9,192,9,148,105,1271,0,8,26,779,10,138,7,34,44,141,0,0,0,0,104,1090,86,1251,0,33
1760091,184,2760,0,9,21,379,17,265,24,308,28,384,33,517,21,374,17,292,23,232,125,1487,0,26,28,874,12,226,6,102,8,40,0,0,0,0,88,1222,96,1495,0,43
1760631,376,5521,0,0,8,224,52,893,43,531,53,992,61,991,36,715,44,416,79,758,210,1941,9,40,84,2926,12,276,14,58,45,248,0,26,0,6,176,2815,198,2614,0,92
1760477,284,3920,0,0,12,207,48,590,58,566,45,544,52,682,36,639,17,406,16,284,114,1314,23,213,103,2185,11,87,16,53,14,61,0,0,0,0,121,1646,155,2190,8,84
1760120,1433,6914,0,0,130,661,246,1232,306,1470,300,1135,232,1165,110,671,52,305,57,272,120,752,37,180,412,4359,16,179,18,113,813,1324,16,0,0,0,679,2994,733,3696,21,224
1760131,375,2528,0,0,40,177,74,466,54,393,82,438,63,446,43,364,8,135,11,109,78,746,0,41,81,924,16,120,10,40,182,636,0,20,0,0,184,1141,187,1356,0,31
1760534,198,1559,0,0,18,144,40,250,45,262,36,246,22,231,20,199,10,146,6,79,46,513,6,52,40,569,20,127,0,7,83,289,0,0,0,0,94,718,103,802,0,39
1760203,39,628,0,0,8,91,0,58,0,74,6,146,11,81,6,99,0,55,0,23,17,279,0,38,11,217,0,50,0,25,0,19,0,0,0,0,17,270,21,352,0,6
1760464,65,1099,0,0,7,51,6,74,9,118,13,95,14,131,0,212,0,177,6,241,28,490,0,8,28,538,0,33,0,10,6,20,0,0,0,0,30,442,35,639,0,18
1760546,177,3561,0,6,20,250,35,530,26,391,30,527,26,552,25,474,11,297,0,534,69,1659,14,121,33,1144,10,154,6,41,43,435,0,6,0,0,81,1232,94,2177,0,152
1760010,190,3858,0,0,21,356,25,348,28,439,14,477,37,693,25,625,15,460,25,458,90,1314,0,16,76,2340,0,63,8,70,9,47,0,0,0,0,99,1599,90,2200,0,59
1760126,380,5803,0,0,40,592,41,754,47,666,61,835,53,908,48,768,36,607,54,670,154,2545,19,107,109,2545,16,201,18,131,60,259,0,10,0,0,201,2624,175,3088,0,91
1760409,667,6260,0,7,50,426,119,882,104,761,138,1064,112,1163,94,1022,27,582,22,353,24,307,338,2284,210,3315,28,122,0,0,67,226,0,0,0,0,270,2480,391,3651,6,129
1760429,249,3069,0,0,17,179,36,362,32,333,39,404,48,525,33,622,20,395,24,248,19,183,163,1041,60,1805,0,21,0,0,0,14,0,0,0,0,104,1253,143,1785,0,31
1760603,8,162,0,0,0,9,0,27,0,22,0,31,0,38,0,22,0,10,0,0,0,42,0,16,0,64,0,11,0,13,0,16,0,0,0,0,0,74,0,85,0,0
1760640,908,11897,0,18,27,367,130,2389,95,1656,147,1595,148,1917,158,1712,93,1042,109,1201,264,3341,185,804,213,6435,42,398,58,358,142,535,0,18,0,8,454,5183,398,5570,56,1144
1760478,361,3460,0,0,13,209,48,401,39,389,55,512,57,604,58,645,49,465,42,235,26,145,247,1196,76,2056,0,29,0,7,6,22,0,0,0,0,150,1330,211,2071,0,59
1760443,401,3753,0,0,31,209,60,450,54,386,74,575,63,728,55,688,28,478,35,239,20,298,236,1359,124,2004,0,40,0,19,12,30,0,0,0,0,163,1395,213,2098,25,260
1760047,500,5182,0,0,43,410,32,529,31,544,50,591,61,837,59,694,74,610,150,963,313,1769,0,25,123,3035,8,88,9,124,44,137,0,0,0,0,221,1976,277,3133,0,73
1760448,184,2092,0,0,17,187,19,251,33,258,30,281,36,420,18,293,15,214,16,187,100,858,0,13,64,1135,0,41,0,15,10,30,0,0,0,0,89,889,92,1142,0,61
1760004,388,8625,0,143,33,578,55,1006,60,925,57,1026,61,1160,42,1157,26,812,50,1818,119,2639,9,150,152,5196,20,190,17,133,70,307,0,7,0,0,167,3154,193,4297,28,1174
1760090,847,5262,0,0,51,329,129,830,133,774,150,822,134,743,99,781,48,386,103,592,133,923,10,64,234,2916,37,249,31,206,397,891,0,8,0,0,417,2187,416,2923,14,152
1760089,346,4261,0,8,12,259,35,497,39,488,58,686,54,692,45,758,36,439,67,434,166,1664,0,43,67,1723,15,216,24,247,71,357,0,7,0,0,149,1600,196,2589,0,72
1760513,186,2840,0,0,10,190,37,460,26,348,37,434,35,413,27,430,0,258,11,305,58,1107,6,49,55,1261,20,147,0,21,46,253,0,0,0,0,87,1191,98,1522,0,127
1760076,559,5433,0,0,40,292,86,714,81,695,78,737,107,896,79,936,32,559,56,599,129,1252,47,227,97,2555,130,678,91,452,61,210,0,40,0,19,244,2359,310,2982,0,92
1760053,334,3275,0,0,11,147,56,526,35,374,45,406,56,488,70,506,30,415,31,408,91,828,15,46,81,1557,39,305,73,386,26,99,0,43,0,11,167,1342,167,1847,0,86
1760302,244,4755,0,0,14,352,34,701,31,575,44,705,38,756,29,671,26,561,28,434,87,1620,92,712,23,1999,12,216,8,51,22,148,0,6,0,0,107,1874,131,2807,6,74
1760304,87,2017,0,0,0,196,18,323,13,218,18,391,15,392,13,279,7,156,0,60,27,830,44,322,0,670,0,94,0,29,11,71,0,0,0,0,46,884,40,1105,0,28
1760192,72,1232,0,0,0,93,13,198,8,145,12,189,18,223,8,195,7,149,0,38,19,159,0,15,32,939,0,22,11,75,0,13,0,0,0,0,30,558,41,639,0,35
1760527,289,4482,0,0,14,238,23,461,44,452,38,516,44,637,33,742,33,620,60,812,136,1508,27,228,69,2264,18,174,21,154,16,135,0,15,0,0,127,1834,158,2509,0,139
1760164,551,4878,0,0,40,278,79,577,105,657,108,705,115,748,58,684,23,514,23,715,105,1157,6,72,137,2403,25,180,11,70,266,985,0,9,0,0,294,2066,247,2759,10,53
1760195,21,357,0,0,0,18,0,86,0,58,0,62,0,41,0,48,0,32,0,12,0,55,0,9,8,257,0,9,0,16,0,10,0,0,0,0,8,147,11,196,0,14
1760169,429,3784,0,6,33,217,87,679,77,551,62,570,83,594,37,481,17,295,33,391,53,394,13,71,187,2924,14,70,39,123,106,193,6,0,11,6,213,1481,204,2094,12,209
1760633,304,3073,0,9,16,149,43,380,43,336,56,492,60,627,43,659,30,288,12,133,24,364,57,324,141,1963,12,41,10,116,60,260,0,0,0,0,131,1341,146,1370,27,362
1760632,3365,13671,0,14,314,1322,647,2551,600,2930,716,2423,598,2236,298,1311,103,553,88,331,165,1129,88,268,649,6669,106,666,15,138,2340,4781,0,7,0,13,1684,6441,1612,6837,69,393
1760643,797,8978,0,11,25,422,99,1087,86,873,116,1373,160,1691,145,1763,73,1021,93,737,58,636,403,2676,275,5515,42,88,0,0,15,54,0,0,0,0,348,3859,416,4776,33,343
1760620,1216,11516,0,11,50,668,183,1440,141,1355,216,1681,244,2266,175,2063,124,1287,83,745,35,131,785,5073,318,6072,48,119,0,13,23,104,0,0,0,0,528,4651,654,6478,34,387
1760636,818,5227,0,0,57,458,136,827,135,787,138,749,129,964,93,750,77,445,53,243,10,76,493,2623,137,2080,15,84,0,0,161,358,0,0,0,0,375,2326,434,2823,9,78
1760609,1916,10794,0,18,188,910,358,1887,361,1967,372,1786,296,1637,198,1373,95,763,48,453,116,1132,279,1642,346,4842,65,286,11,131,1098,2750,0,0,0,6,924,4719,966,5166,26,909
1760619,1020,12290,0,12,51,693,136,1409,121,1380,186,1577,197,2343,175,2659,80,1391,74,826,13,87,821,6383,157,5629,14,118,0,10,11,57,0,0,0,0,405,4816,607,7254,8,220
1760605,235,3820,0,0,0,115,85,1235,49,755,33,513,28,435,22,425,9,232,6,107,67,945,37,403,78,1989,8,138,19,230,23,106,0,0,0,0,145,1920,89,1879,0,21
1760617,1284,12849,0,8,110,985,206,1714,212,1797,213,1821,220,2147,158,2000,93,1451,72,926,44,896,524,4343,406,6341,30,250,6,17,273,976,0,0,0,23,616,5562,655,7084,13,203
1760411,1025,9552,0,10,77,672,154,1408,184,1482,186,1496,167,1702,122,1462,86,868,48,452,90,1306,399,2548,346,5010,29,188,0,19,151,436,0,0,0,45,455,4100,556,5228,14,224
1760469,102,848,0,0,13,92,22,133,22,180,20,140,10,137,11,89,0,58,0,19,9,126,7,49,57,567,0,18,0,0,26,83,0,0,0,0,48,374,53,460,0,14
1760106,546,3897,0,0,36,178,119,615,101,476,101,595,87,647,51,487,26,382,25,514,76,1105,17,203,108,1649,12,128,15,97,318,706,0,7,0,0,305,1644,239,2158,0,95
1760110,767,3908,0,0,97,473,127,678,146,829,190,778,124,603,61,340,17,137,0,66,65,490,19,63,247,2589,6,55,7,51,423,657,0,0,0,0,386,1726,369,2084,12,98
1760118,91,1347,0,0,0,79,20,197,21,211,13,182,13,226,7,231,8,146,0,73,37,418,0,14,30,822,0,22,0,12,17,59,0,0,0,0,44,587,46,720,0,40
1760449,86,1173,0,0,0,64,15,136,9,124,14,155,16,223,22,231,8,143,0,97,30,427,21,135,24,555,0,31,0,0,7,19,0,0,0,0,48,531,37,628,0,14
1760463,265,1851,0,0,0,76,7,164,16,141,22,214,19,230,36,320,58,351,104,354,95,667,16,47,138,1007,0,88,0,13,8,29,0,0,0,0,118,817,147,994,0,40
1760025,413,4959,0,0,23,367,44,561,54,629,88,758,80,836,51,826,29,487,44,492,177,2001,7,56,78,2059,46,359,47,261,54,186,0,16,0,21,198,1846,191,2567,24,546
1760714,938,6785,0,14,31,197,88,794,80,626,88,766,99,983,145,1140,125,854,281,1411,273,1493,18,81,270,3925,94,443,156,443,116,334,7,58,0,8,378,2573,534,3813,26,399
1760706,468,4629,0,7,19,236,34,458,59,467,63,608,67,672,80,715,57,418,88,1048,229,2163,13,19,86,1685,16,196,39,194,78,300,0,67,0,0,227,1796,237,2683,0,150
1760467,207,2561,0,0,15,187,20,217,28,311,25,281,29,378,34,462,22,318,34,404,95,1040,9,41,77,1298,7,89,10,59,6,31,0,0,0,0,95,1073,110,1431,0,57
1760465,287,1836,0,0,30,149,35,257,32,276,34,263,64,329,34,256,32,197,25,107,105,604,13,61,136,1002,17,72,0,24,12,72,0,0,0,0,125,801,145,1007,17,28
1760160,787,4133,0,0,83,339,168,806,144,768,159,684,125,604,60,426,28,240,20,261,116,922,25,159,190,1675,38,243,0,17,415,1115,0,0,0,0,395,1849,372,2214,20,70
1760067,273,5549,0,9,26,351,40,679,47,693,36,670,43,968,31,883,21,605,29,691,110,1411,9,44,91,3568,14,74,8,180,36,261,0,7,0,0,107,1972,158,3151,8,426
1760074,494,4169,0,0,41,386,115,748,85,745,98,615,81,714,50,550,13,258,11,152,65,685,15,71,149,2619,12,89,16,100,236,599,0,0,0,0,231,1845,257,2232,6,92
1760476,33,363,0,0,0,17,10,41,0,42,6,67,0,55,0,78,0,35,0,28,10,111,7,41,11,192,0,0,0,0,0,14,0,0,0,0,15,179,18,180,0,0
1760473,469,4814,0,0,26,249,51,476,47,459,57,622,65,854,82,910,67,683,73,558,37,263,269,1605,133,2819,11,49,0,6,17,70,0,0,0,0,192,1970,271,2728,6,116
1760655,294,4596,0,0,6,135,65,998,62,614,60,1001,45,908,27,500,15,254,14,184,138,1500,32,170,100,2754,0,71,7,12,14,87,0,0,0,0,161,2697,132,1814,0,85
1760649,883,8960,0,10,34,462,116,1202,95,972,108,1195,142,1683,151,1641,124,1081,113,714,12,143,708,4796,133,3846,15,78,0,14,13,74,0,8,0,0,376,3719,493,4871,14,370
1760644,1338,9222,0,18,82,683,209,1340,203,1263,217,1436,211,1667,192,1588,121,762,102,465,61,255,825,4166,293,4032,36,284,0,23,116,453,0,0,0,7,609,3871,640,4667,89,684
1760618,1480,13570,0,10,124,984,295,3190,287,2493,280,2211,248,1846,131,1323,65,765,50,748,232,3600,29,319,280,5872,62,581,42,401,821,2709,8,66,6,22,755,5903,707,7332,18,335
1760611,201,5313,0,0,6,109,49,1322,49,1129,19,609,24,680,14,610,22,513,18,341,106,1851,9,204,43,2677,13,236,15,265,14,61,0,12,0,7,99,2192,99,3054,0,67
1760642,222,3044,0,0,11,115,58,1008,56,753,21,388,18,306,22,256,14,137,21,78,40,785,26,276,49,1361,9,167,0,65,92,385,0,0,0,0,100,1279,106,1680,16,85
1760602,18,319,0,0,0,14,0,35,7,71,0,36,0,32,0,44,0,49,0,37,0,77,0,24,0,178,0,13,0,6,6,21,0,0,0,0,11,174,6,139,0,6
1760660,500,5790,0,0,20,175,92,1135,71,972,62,803,113,1061,83,915,47,518,12,207,134,1433,81,375,86,3090,36,305,29,169,133,398,0,13,0,7,277,2647,222,2930,0,213
1760804,3078,13795,13,34,282,1312,582,2498,539,2868,648,2600,557,2093,320,1400,107,629,30,361,349,2098,61,302,736,4878,228,1409,0,32,1696,5067,0,0,0,0,1533,6321,1474,7132,71,342
1760005,237,4252,0,0,14,301,39,518,38,454,41,529,34,604,26,606,19,498,26,738,64,705,13,44,88,3229,9,76,10,49,52,143,0,0,0,0,106,1644,131,2168,0,440
1760475,102,1190,0,0,9,74,15,161,15,206,17,202,25,184,13,198,7,114,0,51,28,430,25,172,33,501,0,28,0,7,13,50,0,0,0,0,48,494,53,679,0,17
1760456,56,511,0,0,0,29,9,79,11,84,9,79,7,89,11,89,0,34,0,27,27,233,0,10,11,230,0,8,0,0,15,26,0,0,0,0,15,222,41,283,0,6
1760172,249,2645,0,0,12,173,35,390,27,329,44,429,58,531,38,418,18,229,17,141,113,559,0,32,64,1834,7,58,15,59,47,97,0,0,0,0,96,1064,148,1417,0,164
1760491,171,1824,0,0,6,96,25,262,25,254,35,242,38,288,28,362,8,172,6,147,89,751,9,21,61,940,0,64,0,12,0,35,0,0,0,0,96,810,75,982,0,32
1760016,1162,8630,0,13,63,370,168,1325,189,1269,177,1233,214,1552,188,1393,74,773,88,702,258,1943,53,191,321,4596,114,530,185,668,216,612,7,51,8,39,558,3498,576,4582,28,550
1760077,438,4148,0,7,22,191,91,681,59,504,73,670,74,753,65,725,34,353,20,264,101,920,29,169,75,1913,75,483,76,399,69,211,11,43,0,10,205,1647,230,2421,0,80
1760026,167,2939,0,13,0,176,17,334,13,292,20,410,25,420,13,430,21,277,53,587,74,744,0,23,35,1839,16,124,24,106,13,88,0,10,0,0,52,651,101,1011,14,1277
1760487,179,2332,0,0,7,177,26,318,34,358,34,396,30,479,32,355,10,166,6,83,74,754,10,78,69,1323,6,73,12,60,6,41,0,0,0,0,91,1034,86,1266,0,32
1760439,129,2297,0,0,6,137,16,250,17,267,25,278,19,389,11,362,13,277,22,336,65,1051,0,18,49,1098,8,67,0,18,6,43,0,0,0,0,53,973,75,1286,0,38
1760176,181,1286,0,0,17,110,43,233,28,207,31,219,33,191,18,200,7,65,0,58,49,389,0,15,42,558,9,65,11,25,62,227,0,6,0,0,95,609,83,652,0,25
1760707,856,7112,0,6,52,400,144,1078,130,992,151,1158,169,1287,111,1164,60,674,39,353,198,1979,72,469,180,2738,44,355,17,77,339,1452,0,36,0,6,388,3025,452,3942,16,145
1760526,98,3221,0,6,7,139,14,336,14,319,18,327,7,341,6,379,6,298,26,1076,56,1183,0,47,22,1789,7,94,0,12,11,94,0,0,0,0,48,1126,50,1877,0,218
1760104,455,3226,0,0,35,180,54,506,83,468,84,524,93,607,51,493,42,333,13,112,25,264,220,1386,87,1128,16,115,0,7,101,323,0,0,0,0,226,1374,223,1760,6,92
1760827,407,3658,0,0,20,270,70,610,86,530,77,562,73,668,50,590,18,312,13,114,9,54,276,1722,98,1796,10,49,0,0,13,33,0,0,0,0,160,1395,243,2175,0,88
1760426,528,4853,0,0,46,374,99,670,85,729,92,732,91,906,58,795,41,440,16,203,10,180,240,1936,171,2356,13,98,0,9,91,256,0,0,0,17,267,2257,256,2491,0,105
1760425,192,2089,0,0,13,78,18,191,18,203,28,289,41,408,37,468,22,260,15,187,29,252,77,625,74,1158,0,19,0,0,8,29,0,0,0,6,103,889,88,1083,0,117
1760628,1219,10605,0,0,61,614,159,1262,141,1187,187,1490,227,2038,188,1892,157,1362,99,755,18,128,823,5473,268,4740,48,99,0,16,55,142,0,0,0,6,524,4365,675,5959,20,281
1760621,590,5096,0,7,30,356,82,730,102,679,76,652,106,964,94,995,58,423,42,290,9,77,442,2970,96,1872,8,54,0,0,30,115,0,0,0,0,264,2323,320,2691,6,82
1760606,39,1229,0,0,0,94,8,269,13,264,6,156,0,177,0,149,0,75,0,45,6,136,6,172,17,855,0,24,0,17,7,21,0,0,0,0,24,745,15,460,0,24
1760615,435,6308,0,0,33,423,73,1127,63,1064,67,775,84,969,55,895,29,640,31,411,34,893,295,2871,74,2175,9,94,6,158,16,110,0,0,0,0,204,2552,228,3673,0,83
1760646,410,4562,0,7,16,264,55,704,33,490,71,735,61,837,59,608,41,466,74,451,150,1561,14,38,136,2233,22,289,27,158,57,253,0,21,0,9,183,2208,191,2178,36,176
1760639,3606,17600,0,14,298,1562,709,3341,698,3441,731,3204,599,2835,356,1993,157,900,58,310,173,1046,229,1131,761,7367,119,675,14,81,2309,7266,0,20,0,14,1779,8269,1797,9075,30,256
1760622,727,8226,0,0,27,373,158,2613,121,1931,99,1007,99,836,83,636,64,459,76,370,164,2107,76,353,140,4309,19,302,9,132,319,1008,0,9,0,6,361,3692,361,4321,0,213
1760610,324,5459,0,0,12,215,56,1153,102,1217,38,481,39,634,36,702,25,661,16,396,114,1824,106,773,63,2513,13,171,9,92,19,82,0,0,0,0,144,2285,179,3136,0,38
1760402,1505,10115,0,16,106,723,264,1812,297,1801,331,1794,246,1703,157,1228,64,621,38,417,214,2490,83,509,301,3449,110,996,12,74,782,2579,0,16,0,0,710,4437,771,5244,24,434
