geoid,total_count,total_tested,race_White_count,race_White_tested,race_Black_count,race_Black_tested,race_Asian_count,race_Asian_tested,race_Hispanic_count,race_Hispanic_tested,race_NH/PI*_count,race_NH/PI*_tested,race_AI/AN**_count,race_AI/AN**_tested,race_unkown_count,race_unkown_tested,race_other_count,race_other_tested,age_Unknown_count,age_Unknown_tested,age_<20_count,age_<20_tested,age_20-29_count,age_20-29_tested,age_30-39_count,age_30-39_tested,age_40-49_count,age_40-49_tested,age_50-59_count,age_50-59_tested,age_60-69_count,age_60-69_tested,age_70-79_count,age_70-79_tested,age_80+_count,age_80+_tested,gender_male_count,gender_male_tested,gender_female_count,gender_female_tested,gender_unkown_count,gender_unkown_tested
60002,123,1784,55,1010,8,29,0,28,28,76,0,0,0,0,25,568,0,69,0,0,13,162,19,255,24,218,25,279,21,342,16,296,0,148,0,81,65,728,58,998,0,58
60004,393,8846,121,2726,9,157,17,136,71,322,0,10,0,0,153,5299,21,193,0,154,34,600,62,970,56,1039,57,1058,61,1188,42,1180,27,825,50,1832,170,3229,195,4415,28,1202
60005,242,4374,66,742,13,44,10,51,53,148,0,0,0,0,89,3306,10,77,0,0,16,317,38,469,39,536,41,545,35,620,26,622,19,517,28,744,109,1700,133,2231,0,443
60007,381,3904,124,553,0,17,12,43,59,131,0,0,0,0,163,3099,15,59,0,7,17,183,38,475,36,467,49,463,52,613,52,690,54,436,83,570,175,1614,203,2186,0,104
60008,368,4358,62,798,0,18,6,58,152,344,0,0,0,0,131,3053,12,83,0,0,29,319,41,561,69,586,80,610,70,672,50,736,20,488,9,381,196,1915,169,2336,0,107
60010,201,3993,94,1360,0,17,8,74,9,50,0,0,0,0,81,2421,7,63,0,0,24,376,32,462,26,358,14,497,38,721,25,645,16,467,26,465,106,1659,94,2272,0,62
60012,94,930,69,473,0,0,0,10,8,18,0,0,0,0,11,405,0,17,0,0,0,69,7,107,0,80,6,87,15,171,0,152,12,114,43,150,42,382,51,540,0,8
60013,135,1810,75,891,0,7,0,9,46,75,0,0,0,0,10,809,0,16,0,0,14,151,24,242,22,239,18,249,29,328,21,348,0,153,0,100,59,784,76,1005,0,21
60014,349,4280,209,1980,11,43,11,33,105,234,0,0,0,0,10,1921,0,61,0,0,35,323,43,529,61,626,56,596,52,730,41,651,25,402,36,422,146,1724,201,2435,0,121
60015,211,3210,143,1644,6,17,11,61,10,50,0,0,0,0,25,1274,15,160,0,0,13,336,23,433,18,343,28,404,33,508,21,480,31,386,44,319,85,1411,124,1705,0,94
60016,1169,8864,262,2020,55,199,187,691,216,626,7,53,8,41,321,4696,113,538,0,13,63,380,192,1315,169,1356,178,1271,217,1592,188,1428,74,791,87,718,563,3582,579,4723,27,559
60018,706,5243,124,1217,13,67,28,170,262,797,0,23,0,10,248,2764,27,195,0,10,42,293,123,758,106,758,127,707,112,839,75,719,40,475,81,684,333,2098,356,2802,17,343
60020,48,1105,19,639,0,28,0,14,8,70,0,0,0,0,15,325,0,26,0,0,0,58,0,126,11,148,11,165,9,180,8,181,0,128,0,118,20,464,27,627,0,14
60021,25,377,19,187,0,0,0,0,0,10,0,0,0,0,0,174,0,0,0,0,0,32,8,55,0,62,0,42,8,62,0,62,0,37,0,25,8,169,17,203,0,0
60022,36,878,26,528,0,0,0,12,0,11,0,0,0,0,0,275,0,46,0,0,6,139,9,116,0,64,0,109,10,146,0,154,0,107,0,43,20,396,16,469,0,13
60025,435,5128,196,2110,7,58,47,271,54,190,0,16,0,21,80,2095,47,367,0,0,40,396,57,654,45,583,88,773,81,869,51,844,29,504,44,502,206,1919,205,2661,24,548
60026,173,2986,77,761,0,24,24,113,12,91,0,10,0,6,37,1853,18,128,0,13,8,187,14,299,17,338,20,413,25,432,13,435,22,279,54,590,57,679,101,1028,15,1279
60029,9,97,0,27,0,0,0,0,0,0,0,0,0,0,0,58,0,10,0,0,0,6,0,22,0,18,0,14,0,20,0,14,0,0,0,0,7,58,0,38,0,0
60030,225,3853,105,2301,13,120,8,87,61,344,0,7,0,0,24,808,12,181,0,0,25,414,55,523,27,488,30,500,36,711,29,561,13,380,10,276,108,1673,110,2080,7,100
60031,386,4876,126,2238,49,420,26,233,115,623,0,16,0,7,44,1068,22,271,0,0,37,412,78,734,63,681,52,665,69,1009,40,807,18,332,29,233,171,2035,211,2667,0,174
60033,237,1594,37,417,0,0,0,0,190,502,0,0,0,0,0,642,0,24,0,0,36,251,38,300,44,239,54,277,36,203,16,162,8,116,0,46,112,675,125,892,0,27
60035,298,4806,145,2381,16,49,8,44,64,251,0,0,0,0,41,1919,21,157,0,0,16,431,51,635,48,553,45,638,46,774,26,688,27,587,39,497,149,2098,147,2630,0,78
60040,182,997,65,207,0,24,0,9,95,318,0,0,0,0,15,412,0,25,0,0,12,94,12,113,26,134,29,165,28,152,17,105,23,106,35,125,80,399,96,537,6,61
60041,55,912,25,555,0,10,0,0,17,101,0,0,0,0,8,208,0,36,0,0,0,64,11,142,10,125,8,101,11,173,7,162,0,96,0,48,26,372,29,510,0,30
60042,54,684,19,301,0,0,0,10,26,72,0,0,0,0,6,275,0,20,0,0,0,54,14,102,9,92,11,125,9,98,0,128,0,54,0,31,25,266,29,411,0,7
60043,19,305,15,158,0,0,0,0,0,0,0,0,0,0,0,121,0,19,0,0,0,39,0,41,0,33,0,42,9,93,0,29,0,15,0,12,9,151,10,149,0,0
60044,114,1537,62,831,10,32,15,44,11,83,0,0,0,0,9,454,7,88,0,0,6,136,9,174,13,152,7,175,12,240,10,253,15,190,42,217,47,631,67,870,0,36
60045,138,2715,99,1878,0,22,6,48,0,38,0,6,0,0,20,576,7,146,0,0,7,233,26,303,9,173,22,252,31,409,22,419,9,360,12,562,74,1165,63,1492,0,58
60046,241,3134,107,1769,14,99,10,77,66,266,0,0,0,7,31,761,11,150,0,0,29,322,35,447,36,444,32,493,50,525,30,447,8,224,21,228,121,1294,119,1742,0,98
60047,516,5530,319,1855,0,25,9,125,44,144,0,0,0,0,133,3283,8,94,0,0,56,443,32,584,32,569,50,631,62,885,59,721,74,647,151,1046,229,2106,285,3349,0,75
60048,186,2938,134,1728,8,42,0,73,13,87,0,0,0,0,20,878,7,125,0,0,10,270,17,337,13,292,30,326,15,475,21,507,23,345,57,385,83,1337,100,1559,0,42
60050,248,3105,137,1704,0,26,10,35,83,237,0,0,0,7,12,1054,0,38,0,0,15,219,25,322,27,442,47,401,42,487,38,470,29,407,25,357,127,1257,121,1797,0,51
60051,144,2079,93,1277,0,21,0,7,36,88,0,0,0,0,7,649,0,32,0,0,8,135,25,273,15,271,26,269,34,428,23,328,8,226,0,149,68,868,75,1179,0,32
60053,335,3362,91,861,15,53,73,395,26,105,0,43,0,11,81,1581,40,313,0,6,11,155,35,391,56,538,46,418,56,506,70,515,30,420,31,413,167,1369,168,1904,0,89
60056,684,6462,135,1506,15,73,55,284,225,452,0,34,0,15,204,3836,43,262,0,0,41,489,109,911,140,1000,156,1043,124,1082,65,990,27,567,22,376,338,2785,338,3540,8,137
60060,485,3656,95,1421,7,51,20,130,266,805,0,0,0,10,62,1028,33,206,0,0,49,329,103,631,64,515,92,547,104,613,59,575,6,296,8,148,244,1590,238,1963,0,103
60061,196,2752,73,1004,7,34,19,171,60,222,0,10,0,7,24,1178,11,126,0,6,13,230,40,387,29,308,34,393,33,376,20,354,9,241,18,457,96,1030,100,1602,0,120
60062,362,6810,180,2646,6,80,30,264,23,209,0,22,0,10,87,3294,33,285,0,17,15,404,39,684,28,705,43,841,60,1097,57,1029,42,824,78,1209,165,2514,189,3637,8,659
60064,673,2428,126,319,139,610,21,27,305,816,0,0,0,0,57,560,22,95,0,6,110,348,183,508,91,346,94,376,87,373,69,301,24,113,15,57,383,1038,281,1279,9,111
60067,279,5656,111,1435,9,44,8,185,36,264,0,7,0,0,96,3639,14,78,0,9,28,361,47,711,41,694,37,683,43,988,31,903,22,610,30,697,110,2018,161,3210,8,428
60068,354,4924,210,1920,0,26,21,134,19,122,0,7,0,0,80,2499,19,213,0,0,17,342,53,629,37,628,33,598,51,846,48,738,24,521,91,618,150,2064,195,2801,9,59
60069,102,2252,63,567,0,69,0,105,6,135,0,0,0,0,21,1315,0,53,0,0,0,123,14,259,8,205,7,261,15,310,10,244,17,264,30,584,41,762,61,1393,0,97
60070,283,2447,44,464,0,14,7,35,151,372,0,0,0,0,64,1493,12,64,0,0,25,183,39,321,55,322,65,297,46,322,23,312,12,226,18,462,143,933,136,1392,0,122
60071,17,281,13,166,0,0,0,0,0,7,0,0,0,0,0,101,0,0,0,0,0,10,0,40,0,37,0,42,0,50,0,38,0,41,0,22,8,143,9,130,0,8
60073,1152,8103,136,2546,37,278,25,233,783,2785,0,20,0,10,129,1897,39,334,0,9,138,914,229,1464,219,1224,254,1473,184,1255,78,835,34,439,15,490,541,3080,598,4592,13,431
60074,501,4278,65,704,16,74,16,100,237,626,0,0,0,0,154,2677,12,90,0,0,42,393,86,761,117,765,99,634,82,733,50,573,13,265,12,153,234,1882,261,2303,6,93
60076,574,5566,130,1291,50,237,91,466,62,217,0,41,0,19,99,2602,138,693,0,0,40,303,85,718,87,734,82,756,110,924,82,952,32,569,56,605,249,2412,320,3054,0,100
60077,440,4260,101,955,29,175,76,411,69,221,11,44,0,10,75,1953,77,491,0,7,22,205,60,520,91,701,74,690,74,771,65,735,34,364,20,267,206,1688,231,2487,0,85
60079,13,127,0,9,0,17,0,0,0,24,0,0,0,0,0,69,0,6,0,0,0,0,0,0,0,13,0,7,0,32,0,43,0,15,0,7,0,52,8,71,0,0
60081,50,700,35,424,0,0,0,8,9,39,0,0,0,0,0,209,0,16,0,0,0,54,17,103,0,79,10,93,0,143,8,118,0,80,0,30,22,333,28,351,0,16
60083,108,1224,24,466,21,135,16,108,30,189,0,0,0,0,9,257,8,63,0,0,0,101,17,170,24,172,22,196,13,234,19,187,7,123,0,41,55,529,52,657,0,38
60084,200,1578,67,715,0,14,0,25,86,219,0,0,0,0,39,568,0,35,0,0,16,113,33,206,30,220,40,257,22,255,10,242,26,163,23,121,83,632,116,914,0,32
60085,2516,12703,196,1826,196,1371,11,192,1777,5355,0,7,0,29,275,3523,55,400,0,0,263,1415,475,2468,430,1943,503,2140,469,2280,267,1607,76,587,33,258,1168,5542,1303,6497,45,664
60087,714,4677,81,969,62,540,13,85,437,1934,0,0,0,11,91,943,28,190,0,0,85,547,131,876,103,710,141,705,126,834,71,600,30,263,27,139,325,1891,379,2547,10,239
60088,219,705,105,80,55,40,8,18,25,16,0,0,0,0,21,536,0,12,0,0,57,98,110,432,35,100,7,29,0,24,0,18,0,0,0,0,142,415,77,282,0,8
60089,347,4375,167,1718,0,46,24,251,71,361,0,7,0,0,67,1766,15,221,0,8,13,276,39,508,35,511,58,705,54,709,45,773,36,446,67,439,151,1650,195,2652,0,73
60090,850,5406,134,956,10,66,31,209,398,911,0,8,0,0,235,3000,37,251,0,0,51,340,133,804,130,841,151,849,135,765,99,805,48,397,103,600,419,2242,416,3009,15,155
60091,187,2905,128,1573,0,27,6,104,8,40,0,0,0,0,28,921,12,235,0,9,21,404,25,336,17,273,28,408,34,546,22,395,17,298,23,236,89,1294,98,1566,0,45
60093,197,2461,107,1317,0,9,7,34,44,141,0,0,0,0,27,815,10,142,0,0,30,367,40,409,24,261,33,346,41,435,11,294,9,193,9,154,107,1125,86,1303,0,33
60096,45,576,25,287,0,36,0,8,9,83,0,0,0,0,0,130,0,31,0,0,0,46,8,71,7,102,10,71,8,101,0,92,0,58,0,34,22,275,23,278,0,23
60097,47,870,36,520,0,7,0,0,8,35,0,0,0,0,0,300,0,6,0,0,0,74,11,110,0,108,0,104,11,175,11,161,0,103,0,35,22,422,25,440,0,8
60098,392,4150,184,1767,13,81,9,14,154,386,0,0,0,0,29,1858,0,40,0,0,37,370,57,607,42,537,45,480,67,621,67,610,36,421,41,504,190,1545,199,2513,0,92
60099,615,4648,68,847,143,865,10,54,317,1167,0,0,0,6,58,1526,19,181,0,0,94,564,121,754,98,676,127,803,84,781,44,635,32,281,15,149,268,1857,339,2595,8,196
60101,850,5259,111,984,18,118,16,119,527,1138,0,8,0,0,146,2671,30,216,0,6,69,420,161,892,159,878,192,850,138,871,89,724,28,353,14,265,454,2492,393,2688,0,79
60102,208,2668,101,1108,7,35,21,45,49,131,0,8,0,0,25,1305,0,31,0,0,25,210,37,354,34,334,31,334,45,476,21,382,7,300,8,275,103,1107,104,1490,0,71
60103,334,4337,94,1007,7,55,32,163,58,141,0,10,0,0,132,2898,9,62,0,0,14,310,60,587,53,694,61,569,75,779,44,586,14,369,13,438,150,1713,179,2345,0,279
60104,461,3293,25,268,224,1422,0,7,102,327,0,0,0,0,87,1148,17,118,0,0,34,186,85,478,56,515,85,534,95,620,51,504,42,336,13,117,227,1399,228,1801,6,93
60106,555,4054,79,1173,17,222,15,101,319,719,0,7,0,0,113,1697,12,133,0,0,36,185,103,495,122,632,101,605,88,683,52,502,26,396,27,553,310,1689,243,2261,0,104
60107,694,5421,63,508,13,100,41,183,262,542,10,19,0,0,287,3980,15,87,0,8,46,359,139,913,131,935,133,861,134,1032,69,665,34,373,7,275,345,2229,333,2866,16,326
60108,356,4010,146,1168,14,93,30,129,52,172,0,0,0,0,100,2372,8,72,0,0,14,140,38,417,37,489,41,483,40,629,66,690,50,584,70,575,159,1582,172,2034,25,394
60109,13,346,0,25,0,0,0,0,0,14,0,0,0,0,10,298,0,0,0,0,0,21,0,51,0,35,0,37,0,42,0,29,0,47,0,79,0,44,6,66,6,236
60110,773,3960,66,498,19,66,8,52,423,665,0,0,0,0,251,2621,6,55,0,0,99,482,149,833,128,687,190,788,124,611,61,345,17,144,0,66,387,1750,373,2112,13,98
60112,32,435,8,179,0,17,0,0,20,42,0,0,0,0,0,190,0,0,0,0,0,41,0,64,6,84,7,75,7,71,0,59,0,25,0,15,14,173,18,247,0,15
60115,319,4772,111,2325,45,480,0,28,129,314,0,0,0,0,25,1573,0,51,0,8,31,393,81,1024,55,718,38,480,32,544,18,514,26,347,38,744,137,1685,181,2997,0,90
60118,92,1381,37,430,0,14,0,12,18,61,0,0,0,0,29,841,0,23,0,0,0,79,22,212,20,203,13,191,13,231,7,236,8,152,0,75,44,601,47,740,0,40
60119,42,929,18,397,0,0,0,8,11,39,0,0,0,0,13,472,0,10,0,0,0,85,11,150,8,119,8,133,9,164,0,137,0,85,0,55,23,388,19,487,0,54
60120,1449,7005,123,763,37,186,18,114,825,1345,16,0,0,0,413,4407,16,183,0,0,133,665,308,1495,248,1246,303,1152,234,1176,112,684,54,311,57,273,686,3033,742,3745,21,227
60123,971,6687,126,1449,39,219,14,104,498,906,0,9,0,0,272,3827,20,172,0,9,95,541,185,1225,175,1023,174,1055,147,1093,97,897,42,497,56,347,432,2711,522,3704,17,272
60124,156,2098,47,668,0,33,15,74,27,80,0,0,0,0,55,1210,6,27,0,0,13,146,24,203,27,310,26,354,26,341,17,309,11,260,12,175,74,913,80,1115,0,70
60126,397,6072,165,2695,19,111,18,136,61,265,0,10,0,0,115,2643,15,207,0,0,45,647,49,693,43,780,63,872,58,957,49,795,36,628,54,697,210,2744,183,3234,0,94
60130,178,3699,36,870,66,873,0,65,25,235,0,6,0,0,33,1497,15,153,0,7,0,66,27,485,30,533,38,594,25,618,29,616,18,432,8,348,79,1475,94,2036,0,188
60131,376,2582,78,764,0,41,10,41,183,645,0,20,0,0,81,945,16,124,0,0,41,182,54,396,74,474,82,446,63,455,43,377,8,138,11,114,185,1168,187,1383,0,31
60133,797,5457,72,560,29,162,39,178,367,669,10,10,0,0,258,3763,21,114,0,8,75,449,166,1036,138,967,157,905,158,943,72,670,21,291,10,188,391,2182,385,2763,21,512
60134,218,2940,108,1154,0,19,0,24,27,73,0,0,0,0,76,1631,0,39,0,0,28,445,23,364,17,336,23,380,25,514,21,368,27,228,54,304,88,1203,125,1628,0,109
60135,56,688,23,307,0,0,0,0,20,35,0,0,0,0,13,332,0,6,0,0,0,73,16,125,9,105,6,90,14,126,0,85,0,53,0,31,32,310,24,365,0,13
60136,74,705,19,180,0,18,17,53,15,24,0,0,0,0,20,424,0,6,0,0,0,44,10,94,10,129,19,153,18,150,6,69,0,47,0,19,32,292,41,381,0,32
60137,188,3887,63,1159,12,70,8,58,40,116,0,0,0,0,58,2405,0,72,0,0,13,380,42,480,38,602,30,448,27,605,24,558,6,381,8,432,97,1646,91,2144,0,97
60139,695,4738,82,633,21,153,86,284,330,754,0,11,0,0,151,2725,24,177,0,7,76,352,128,837,125,831,136,841,108,773,78,594,38,340,6,163,338,2116,355,2515,0,107
60140,111,1572,42,557,0,19,0,33,25,78,0,0,0,0,38,861,0,23,0,0,0,118,24,241,31,344,25,213,14,239,9,207,0,136,0,74,56,674,55,873,0,25
60141,27,945,6,43,6,30,0,0,0,15,0,0,0,0,8,107,6,748,0,18,0,0,0,36,0,75,0,71,0,98,0,214,7,366,0,63,21,853,6,75,0,17
60142,125,2635,78,1465,0,29,7,38,26,83,0,0,0,0,12,996,0,19,0,0,8,209,18,255,17,211,28,326,24,339,15,327,12,551,0,415,59,1092,66,1504,0,39
60143,206,1658,81,417,0,31,14,42,39,126,0,9,0,0,62,1004,0,28,0,0,8,106,20,144,23,202,25,194,28,283,44,347,28,228,30,150,100,679,106,939,0,40
60145,9,164,8,82,0,0,0,0,0,7,0,0,0,0,0,73,0,0,0,0,0,12,0,18,0,22,0,34,0,23,0,19,0,20,0,16,7,79,0,83,0,0
60146,11,235,6,115,0,0,0,0,0,8,0,0,0,0,0,109,0,0,0,0,0,36,0,48,0,29,0,27,0,28,0,49,0,13,0,0,7,97,0,129,0,9
60148,435,5853,159,2048,37,200,24,151,96,326,0,0,0,0,98,2942,16,178,0,0,29,330,83,807,67,985,62,787,61,994,47,896,25,519,61,533,195,2361,227,3292,13,200
60151,21,326,11,175,0,0,0,0,0,0,0,0,0,0,8,142,0,0,0,0,0,30,0,49,0,44,0,48,0,45,0,60,0,29,0,21,12,153,9,161,0,12
60152,87,1055,51,514,0,6,0,0,31,59,0,0,0,0,0,456,0,14,0,0,0,85,7,148,18,144,15,138,12,157,8,138,8,137,15,108,40,409,47,616,0,30
60153,546,3700,31,223,236,1663,0,6,153,500,0,0,0,0,101,1101,24,205,0,0,47,265,97,638,100,608,112,613,91,601,48,493,37,311,13,166,251,1612,283,2011,12,77
60154,230,2730,38,868,67,409,9,43,47,248,0,8,0,0,50,1027,18,126,0,0,17,109,28,228,32,371,36,362,35,475,36,553,31,386,15,242,104,1150,124,1528,0,52
60155,187,1180,10,82,103,585,6,21,18,63,0,0,0,0,36,389,10,38,0,0,20,74,24,144,24,168,39,215,34,204,26,206,12,107,8,60,82,502,100,648,0,30
60156,175,2262,85,905,10,31,11,26,52,129,0,0,0,0,14,1150,0,20,0,0,15,226,42,380,22,341,31,343,39,443,17,271,6,179,0,76,91,994,84,1242,0,26
60157,12,228,0,75,0,0,0,0,0,0,0,0,0,0,0,142,0,0,0,0,0,19,0,26,0,31,7,30,0,36,0,46,0,25,0,15,7,109,0,115,0,0
60160,793,4209,118,946,25,163,0,17,417,1133,0,0,0,0,192,1698,38,250,0,0,84,345,146,780,168,814,161,691,125,605,61,447,28,249,20,273,399,1874,374,2265,20,70
60162,180,1836,17,155,53,467,0,18,67,233,0,0,0,0,30,866,9,96,0,0,10,59,39,245,26,292,33,282,26,272,27,367,10,165,9,149,83,711,90,955,7,170
60163,101,775,7,120,15,196,0,15,49,147,0,0,0,0,26,264,0,31,0,0,8,48,18,133,16,125,25,142,18,133,9,96,0,74,0,24,44,346,55,417,0,12
60164,555,5009,105,1194,6,73,11,73,268,997,0,9,0,0,139,2475,25,186,0,0,40,281,106,667,80,590,108,722,116,758,58,700,23,529,24,762,297,2117,248,2839,10,53
60165,186,756,24,143,0,23,0,0,102,256,0,0,0,0,42,286,11,44,0,0,24,84,39,159,33,163,35,108,28,118,15,69,10,40,0,14,88,353,96,398,0,0
60169,436,3868,54,414,13,76,41,128,106,197,6,0,11,6,191,2973,14,71,0,6,33,219,79,566,89,700,62,580,83,613,38,487,18,300,34,397,216,1511,208,2146,12,211
60171,140,1391,35,553,0,14,0,12,52,244,0,12,0,0,40,478,6,77,0,0,13,79,29,238,23,229,27,206,25,225,20,222,0,104,0,84,70,653,70,718,0,20
60172,252,2799,114,580,0,33,15,63,47,100,0,0,0,0,66,1959,7,58,0,0,12,176,28,332,36,424,44,454,59,558,38,452,18,244,17,154,97,1084,150,1471,0,244
60173,115,1139,15,155,0,26,16,56,22,51,0,0,0,6,47,816,8,25,0,0,7,52,21,207,22,232,19,164,23,155,8,155,0,79,12,91,53,488,59,613,0,38
60174,219,3782,99,1360,6,37,6,35,44,177,0,9,0,0,59,2131,0,33,0,0,21,303,40,556,40,514,32,414,38,614,24,527,10,409,14,441,105,1550,107,1982,7,250
60175,128,2084,67,832,0,15,6,51,11,49,0,0,0,0,40,1101,0,33,0,0,16,267,25,260,16,234,16,248,29,388,16,335,10,239,0,113,63,968,64,1067,0,49
60176,181,1325,49,401,0,16,11,28,62,238,0,6,0,0,42,565,9,70,0,0,17,111,28,211,43,243,31,225,33,196,18,209,7,65,0,62,95,623,83,676,0,26
60177,341,2819,83,712,9,53,13,55,65,139,0,0,0,0,163,1807,7,49,0,0,24,277,44,523,52,488,29,414,47,473,34,267,44,163,67,213,132,1076,168,1650,41,93
60178,80,1927,40,955,0,46,0,7,20,80,0,0,0,0,13,819,0,20,0,0,11,175,21,306,13,286,15,278,11,324,0,250,0,187,0,121,38,862,42,1033,0,32
60181,308,3198,79,1150,17,140,14,80,120,348,0,0,0,0,61,1342,17,130,0,0,23,219,53,513,55,570,59,453,52,565,35,469,21,248,10,160,142,1478,164,1675,0,45
60184,9,211,0,78,0,0,0,0,0,0,0,0,0,0,0,123,0,0,0,0,0,17,0,36,0,22,0,21,0,36,0,34,0,30,0,15,0,92,0,118,0,0
60185,802,4961,88,876,11,73,21,93,491,1205,0,0,0,0,182,2617,9,93,0,0,82,531,127,838,177,826,156,776,131,821,76,647,40,349,13,171,408,2302,376,2539,18,120
60187,172,3765,68,1541,8,120,16,66,14,90,0,6,0,0,56,1846,9,95,0,8,7,295,31,459,27,424,18,430,34,641,26,629,10,407,19,472,73,1615,96,1938,0,212
60188,540,5072,141,1241,29,203,59,262,132,372,0,6,0,0,155,2860,20,126,0,0,39,356,81,886,87,801,84,646,82,897,56,689,37,370,74,426,246,2039,287,2912,7,121
60189,127,3057,62,964,11,76,6,70,19,48,0,0,0,0,29,1856,0,41,0,0,14,307,29,450,16,402,13,348,21,456,22,511,10,372,0,208,53,1264,74,1712,0,81
60190,70,1551,35,651,0,35,0,19,13,54,0,0,0,0,18,774,0,17,0,0,0,103,10,137,12,179,10,170,16,290,10,344,6,186,0,141,34,654,35,853,0,44
60191,237,1724,66,437,0,23,7,26,104,225,0,0,0,0,48,957,8,54,0,0,20,101,32,245,49,280,39,243,49,278,24,239,12,168,12,170,132,806,105,900,0,18
60192,75,1267,19,164,0,15,11,75,0,14,0,0,0,0,33,966,0,24,0,0,0,98,8,155,13,205,15,191,18,228,8,197,7,153,0,38,31,573,43,659,0,35
60193,300,5045,79,931,7,90,29,213,39,234,0,6,0,0,135,3487,10,82,0,15,19,264,37,698,50,812,46,725,57,851,46,734,25,507,20,439,138,1829,157,2901,0,315
60194,198,3176,39,297,0,30,18,60,42,72,0,0,0,0,85,2660,7,54,0,0,16,120,28,254,39,324,34,311,26,386,17,346,11,315,27,1117,83,1105,111,1868,0,203
60195,21,372,0,57,0,9,0,17,0,11,0,0,0,0,8,268,0,9,0,0,0,18,0,62,0,89,0,65,0,41,0,49,0,35,0,13,8,154,11,204,0,14
60201,353,6107,129,2036,99,618,10,72,50,212,0,0,0,0,33,2764,29,399,0,27,24,425,58,1045,45,654,50,654,43,783,41,785,45,574,47,1160,165,2396,188,3502,0,209
60202,463,4880,136,1298,125,663,14,79,98,315,0,11,0,0,56,2143,34,368,0,0,29,421,56,650,58,752,69,712,64,773,59,793,36,423,92,356,192,1956,268,2822,0,102
60203,41,646,18,289,0,40,0,26,0,20,0,0,0,0,12,220,0,51,0,0,8,93,0,79,0,61,6,150,12,84,6,99,0,56,0,23,17,275,23,365,0,6
60301,31,463,10,158,9,70,0,13,0,22,0,0,0,0,0,167,0,30,0,0,0,54,8,73,8,86,0,68,7,70,0,46,0,44,0,22,12,198,19,255,0,10
60302,249,4977,92,1741,92,735,8,53,22,155,0,6,0,0,23,2052,12,232,0,0,17,377,32,608,34,730,44,735,38,786,30,700,26,588,28,453,108,1964,135,2937,6,76
60304,90,2134,28,893,45,340,0,32,12,74,0,0,0,0,0,690,0,104,0,0,0,220,15,230,18,336,18,420,15,405,14,291,7,166,0,64,46,938,43,1166,0,30
60305,72,1273,28,660,9,109,0,17,9,52,0,0,0,0,16,371,9,61,0,0,9,130,10,152,9,143,14,212,12,226,13,203,0,159,0,48,41,546,31,715,0,12
60401,54,1179,27,476,6,35,0,15,0,52,0,0,0,0,16,578,0,23,0,0,0,92,7,131,0,113,11,147,13,201,6,199,7,140,0,152,23,487,31,661,0,31
60402,1519,10369,216,2554,83,525,12,75,787,2670,0,17,0,0,305,3509,113,1017,0,17,108,744,301,1856,268,1865,333,1827,247,1738,158,1258,64,637,38,427,715,4537,779,5385,25,447
60403,255,2671,46,906,58,288,8,36,63,209,0,0,0,0,73,1089,6,137,0,0,24,159,40,380,45,329,57,427,46,445,23,342,8,301,12,288,131,1094,122,1523,0,54
60404,133,2328,52,1142,13,81,0,23,21,97,0,0,0,0,41,920,0,64,0,0,10,163,20,278,23,288,18,314,26,354,17,364,9,290,10,275,73,1017,59,1282,0,29
60406,562,4393,38,372,111,620,0,6,124,273,0,0,0,8,267,3037,19,77,0,0,62,346,100,746,100,741,87,753,112,898,54,529,27,259,20,121,277,2307,282,2035,0,51
60408,27,723,14,468,0,16,0,0,0,37,0,0,0,0,8,192,0,10,0,0,0,54,7,101,0,63,0,78,0,136,0,157,0,92,0,42,14,330,13,382,0,11
60409,676,6462,24,316,345,2383,0,0,67,248,0,0,0,0,212,3379,28,129,0,7,49,445,104,779,123,909,141,1093,112,1205,96,1059,28,598,22,367,275,2561,395,3768,6,133
60410,58,1194,25,602,0,15,0,0,7,42,0,0,0,0,24,506,0,26,0,0,0,104,15,174,0,165,13,183,9,229,8,168,0,120,0,51,29,534,28,649,0,11
60411,1061,9804,92,1336,405,2628,0,19,154,455,0,0,0,48,370,5123,30,195,0,10,80,694,188,1525,160,1438,193,1530,174,1752,125,1500,90,892,50,463,473,4222,574,5353,14,229
60415,232,2156,85,676,34,229,0,25,18,113,0,0,0,8,75,1026,13,79,0,0,11,88,40,337,32,351,28,289,25,398,39,365,28,175,29,150,112,923,115,1071,0,162
60416,26,665,15,361,0,8,0,0,0,19,0,0,0,0,10,259,0,17,0,0,0,95,0,101,8,123,0,98,0,92,0,87,0,43,0,26,6,269,16,386,0,10
60417,196,2437,67,930,55,382,0,7,18,56,0,0,0,0,48,1007,7,52,0,0,7,104,20,233,27,273,27,305,29,362,34,440,21,378,31,342,84,1011,109,1357,0,69
60418,130,878,48,298,14,55,0,0,11,18,0,0,0,0,55,487,0,13,0,0,7,34,20,113,10,113,14,128,15,158,21,174,16,89,27,69,42,337,85,520,0,21
60419,449,4505,11,99,292,1826,0,0,19,38,0,0,0,0,120,2483,6,55,0,0,22,240,61,563,59,565,62,637,89,869,83,946,42,422,31,259,186,1821,259,2570,0,114
60420,14,425,10,230,0,6,0,0,0,0,0,0,0,0,0,171,0,12,0,0,0,44,0,42,0,50,0,65,0,82,0,64,0,36,0,41,10,160,0,234,0,31
60421,15,312,9,151,0,7,0,0,0,10,0,0,0,0,0,125,0,18,0,0,0,10,0,38,0,54,0,19,0,72,0,52,0,37,0,30,8,144,7,165,0,0
60422,98,1508,13,244,51,429,0,6,0,8,0,0,0,0,32,801,0,17,0,0,8,101,10,156,13,132,20,234,19,301,13,295,0,196,11,92,47,657,51,842,0,9
60423,201,3123,95,1104,17,99,8,25,7,39,0,0,0,0,70,1760,0,94,0,0,12,257,34,463,23,334,32,478,52,628,27,520,12,300,9,143,103,1388,98,1700,0,35
60424,6,156,0,74,0,0,0,0,0,6,0,0,0,0,0,65,0,11,0,0,0,16,0,35,0,13,0,21,0,38,0,15,0,14,0,0,0,81,0,69,0,6
60425,194,2136,30,257,77,649,0,0,8,30,0,0,0,6,75,1175,0,19,0,0,13,81,18,209,18,197,27,298,43,418,38,475,22,263,15,190,105,909,88,1108,0,119
60426,536,4989,10,183,243,2000,0,9,95,268,0,0,0,17,172,2410,13,101,0,0,47,386,87,741,100,694,93,755,92,930,60,822,41,450,16,207,270,2320,261,2562,0,107
60428,247,2176,0,71,127,720,0,0,23,61,0,0,0,0,86,1296,6,22,0,0,24,172,34,298,44,294,42,337,38,375,35,393,17,201,13,104,101,895,145,1236,0,45
60429,251,3124,19,188,165,1064,0,0,0,14,0,0,0,0,60,1831,0,22,0,0,17,185,32,335,36,373,39,407,50,535,33,631,20,403,24,254,105,1278,144,1813,0,33
60430,302,3209,50,646,146,754,0,18,12,35,0,0,0,8,84,1690,6,57,0,0,10,195,29,320,41,353,36,415,51,568,36,635,48,432,51,287,128,1336,170,1812,0,61
60431,256,3614,54,1368,40,264,7,33,71,255,0,7,0,0,78,1532,6,155,0,0,21,276,36,532,67,660,56,597,41,542,23,435,8,317,0,250,108,1453,148,2101,0,60
60432,497,3043,31,396,48,403,0,0,247,588,0,0,0,0,143,1379,27,275,0,0,60,326,103,588,87,516,102,526,83,481,35,352,12,161,15,91,244,1330,243,1624,10,89
60433,345,3171,45,720,86,449,0,11,108,302,0,0,0,0,96,1526,10,162,0,0,31,204,55,441,58,443,55,376,51,459,37,412,22,326,36,510,157,1186,186,1883,0,102
60434,170,400,21,53,118,166,0,0,27,13,0,0,0,0,0,133,0,35,0,0,0,0,16,19,44,74,39,90,33,107,30,75,7,29,0,0,165,335,0,63,0,0
60435,763,8205,194,2688,114,886,9,50,218,869,0,0,0,0,214,3293,13,414,0,0,45,479,111,1128,138,1202,112,1162,116,1388,85,1184,73,808,83,849,362,3491,397,4575,0,139
60436,274,2887,29,792,59,509,0,14,99,331,0,0,0,0,77,1070,9,169,0,0,33,208,44,451,53,458,61,491,37,509,24,433,16,232,6,105,140,1178,131,1664,0,45
60438,453,4204,59,609,157,987,0,12,48,161,0,0,0,0,174,2336,13,96,0,0,25,258,64,577,74,577,81,726,91,806,63,642,28,394,27,221,190,1708,261,2420,0,76
60439,136,2600,73,1191,0,43,0,24,6,56,0,0,0,0,48,1209,8,75,0,0,6,159,20,307,17,283,26,312,19,446,13,395,13,301,22,396,56,1051,79,1511,0,38
60440,945,9304,132,1711,139,1032,42,315,329,1236,0,6,0,0,260,4658,41,341,0,14,82,620,147,1442,145,1513,170,1362,138,1553,94,1273,76,968,93,559,440,3870,502,5220,0,214
60441,243,3034,90,1101,21,83,0,11,34,101,0,0,0,0,91,1628,0,104,0,0,12,190,39,444,54,534,43,493,43,539,29,441,15,259,8,130,119,1310,122,1679,0,45
60442,51,794,30,341,0,6,0,0,0,16,0,0,0,0,15,410,0,18,0,0,0,73,12,116,8,162,10,141,7,142,10,106,0,46,0,8,26,346,25,442,0,6
60443,415,3855,20,305,244,1404,0,19,12,35,0,0,0,0,130,2048,0,41,0,0,32,213,59,398,64,469,76,594,64,743,55,707,28,487,36,244,171,1434,218,2161,26,260
60445,198,2565,31,544,19,159,0,17,35,111,0,0,0,9,106,1684,6,41,0,0,20,169,31,381,34,382,45,383,33,444,20,468,8,218,7,118,85,1128,109,1406,0,31
60446,593,5828,99,1456,60,429,26,162,220,834,0,9,0,0,145,2613,40,321,0,6,71,440,108,1023,83,799,113,1145,137,1141,44,591,23,399,13,284,285,2488,304,3237,0,103
60447,66,1289,24,561,0,16,0,0,14,91,0,0,0,0,25,575,0,44,0,0,8,140,12,209,16,207,14,233,0,185,9,145,0,116,0,53,33,527,28,747,0,15
60448,184,2144,101,875,0,19,0,15,10,30,0,0,0,0,63,1159,0,46,0,0,17,192,32,271,19,260,31,286,36,427,18,301,15,219,16,187,88,916,93,1167,0,61
60449,86,1206,30,441,21,142,0,0,7,19,0,0,0,0,24,566,0,32,0,0,0,65,9,128,15,139,14,159,16,228,22,240,8,149,0,98,48,541,37,650,0,15
60450,82,1961,55,1024,0,9,0,0,0,54,0,0,0,0,17,830,0,41,0,0,8,209,10,243,11,169,8,228,14,308,6,211,7,213,17,380,32,651,46,1240,0,70
60451,167,2848,85,1239,0,16,0,17,0,36,0,0,0,0,72,1490,0,49,0,0,15,282,28,411,30,472,35,444,36,511,18,411,0,223,0,93,77,1241,90,1581,0,26
60452,273,3119,86,914,32,165,7,38,26,98,0,0,0,11,112,1775,8,118,0,0,13,169,57,508,49,520,50,506,47,536,34,526,10,231,13,122,138,1420,134,1660,0,39
60453,889,8139,242,2649,121,646,16,86,143,443,0,0,0,9,339,4093,25,212,0,8,39,356,139,1063,109,1221,113,1121,170,1388,109,1368,95,882,115,732,422,3490,455,4475,12,174
60455,386,2510,118,867,27,113,0,29,76,210,0,0,0,0,132,1134,28,152,0,0,24,131,51,345,40,304,49,326,57,423,79,455,47,284,38,240,201,1224,180,1243,0,43
60456,56,529,27,243,0,10,0,0,15,26,0,0,0,0,11,237,0,9,0,0,0,29,11,86,9,83,9,82,7,94,11,89,0,35,0,30,15,228,41,295,0,6
60457,155,1762,53,513,0,58,11,30,16,82,0,0,0,0,53,963,17,112,0,0,17,108,23,241,29,291,32,274,23,326,20,273,6,175,0,71,77,715,77,778,0,269
60458,172,1694,51,530,26,196,0,0,27,98,0,0,0,0,57,779,11,85,0,0,11,134,33,277,25,292,32,284,28,293,27,230,8,135,8,49,66,717,104,954,0,23
60459,477,3991,141,1298,24,224,0,32,222,560,0,0,0,6,65,1711,19,160,0,0,31,242,96,687,89,583,87,660,70,596,62,561,26,356,16,302,227,1731,250,2168,0,92
60461,67,876,6,75,37,302,0,0,0,0,0,0,0,0,19,476,0,17,0,0,7,39,0,73,7,72,9,85,22,178,8,185,8,162,0,82,31,356,35,511,0,9
60462,404,4624,128,1599,22,115,18,84,23,67,0,0,0,12,193,2597,19,147,0,0,24,280,80,620,55,625,54,615,76,771,40,726,30,548,44,435,167,1800,232,2742,0,82
60463,264,1920,94,708,17,52,0,13,8,29,0,0,0,0,137,1020,0,98,0,0,0,78,16,145,7,179,22,223,19,242,36,340,58,354,103,358,117,850,147,1030,0,40
60464,66,1125,29,502,0,8,0,10,6,20,0,0,0,0,28,549,0,36,0,0,7,53,9,124,6,75,13,98,14,140,0,212,0,181,7,242,30,453,36,654,0,18
60465,290,1920,105,615,13,68,0,24,12,79,0,0,0,0,138,1053,18,80,0,0,30,153,33,288,35,270,34,280,66,345,34,269,32,201,25,112,127,828,146,1063,17,29
60466,522,4259,123,621,231,1317,0,0,20,67,0,0,0,0,140,2183,0,62,0,10,19,219,56,454,75,572,95,746,151,957,90,754,29,373,7,174,273,1800,245,2340,0,119
60467,209,2643,95,1076,9,45,10,59,6,35,0,0,0,0,79,1331,7,94,0,0,15,198,29,323,20,232,25,284,30,393,34,475,22,326,34,409,97,1113,110,1472,0,58
60468,42,608,25,361,0,11,0,0,0,9,0,0,0,0,13,210,0,16,0,0,0,45,9,77,0,89,0,73,9,114,10,117,0,71,0,22,21,275,20,332,0,0
60469,105,867,9,129,7,53,0,0,29,87,0,0,0,0,57,575,0,18,0,0,13,93,23,184,23,135,21,147,10,141,11,89,0,59,0,19,50,385,54,467,0,15
60471,233,2330,11,109,148,959,0,0,6,22,0,0,0,0,61,1206,6,27,0,0,10,123,17,235,42,299,52,388,51,533,37,405,17,259,7,85,95,927,137,1352,0,51
60472,75,915,0,35,44,376,0,0,0,15,0,0,0,0,22,480,0,9,0,0,6,28,12,92,7,100,16,133,17,193,11,197,0,108,0,61,45,431,30,472,0,12
60473,478,5136,36,291,274,1686,0,6,17,73,0,0,0,0,138,3027,11,51,0,0,28,262,49,496,52,505,57,662,67,899,84,968,68,720,72,621,195,2115,277,2901,6,120
60475,104,1215,28,441,26,175,0,7,13,50,0,0,0,0,34,512,0,28,0,0,9,75,16,212,16,165,17,207,25,187,13,201,7,115,0,53,49,502,54,696,0,17
60476,36,393,10,118,8,45,0,0,0,19,0,0,0,0,12,206,0,0,0,0,0,17,0,46,12,50,6,73,0,59,0,83,0,36,0,29,18,199,18,190,0,0
60477,290,4048,115,1376,23,220,16,54,15,66,0,0,0,6,107,2231,11,92,0,0,12,211,59,600,51,612,46,562,52,699,37,661,17,413,16,288,124,1703,158,2260,8,85
60478,370,3613,27,151,249,1236,0,7,6,24,0,0,0,0,82,2159,0,31,0,0,14,214,42,409,50,427,55,533,57,619,58,670,51,491,43,250,156,1363,214,2191,0,59
60480,45,727,19,294,0,9,0,9,7,43,0,0,0,0,16,332,0,40,0,0,0,41,9,87,10,100,9,100,9,121,0,119,0,129,0,30,22,350,22,365,0,12
60481,35,1483,22,702,0,10,0,0,0,18,0,0,0,0,11,722,0,29,0,0,0,72,0,151,0,175,9,196,8,304,0,328,0,172,0,85,18,691,17,781,0,11
60482,117,1056,36,390,0,23,0,0,10,32,0,0,0,0,60,559,0,42,0,0,12,53,19,156,20,165,15,152,32,209,9,182,0,79,0,60,46,489,71,543,0,24
60484,138,1031,7,31,89,469,0,0,0,8,0,0,0,0,33,506,0,16,0,0,7,69,29,167,26,157,23,201,25,184,13,146,9,71,6,35,52,357,85,648,0,26
60487,184,2399,76,777,10,82,12,61,6,41,0,0,0,0,72,1358,6,77,0,0,8,189,35,368,27,331,34,404,31,488,32,364,10,170,7,85,93,1064,89,1303,0,32
60490,169,2673,39,544,31,259,20,187,26,194,0,0,0,0,36,1356,15,127,0,0,16,198,27,392,22,392,41,537,43,535,15,394,0,148,0,75,84,1199,85,1397,0,77
60491,173,1932,91,827,10,22,0,13,0,36,0,0,0,0,60,965,0,67,0,0,6,105,26,260,25,273,36,249,38,302,28,372,8,176,6,193,96,847,77,1045,0,40
60501,316,1738,47,354,12,89,0,10,151,374,0,0,0,0,81,764,23,144,0,0,35,161,81,346,44,283,77,330,42,256,17,185,12,107,8,69,150,766,164,952,0,20
60502,121,2114,36,591,14,123,9,75,26,115,0,0,0,0,31,1158,0,51,0,0,13,231,26,319,19,276,27,388,27,391,6,274,0,156,0,78,61,922,59,1157,0,35
60503,80,1481,13,326,9,83,0,94,16,125,0,0,0,0,33,788,0,59,0,0,0,153,18,223,8,252,28,352,12,256,9,152,0,67,0,26,30,613,50,848,0,20
60504,393,4373,60,878,55,335,31,205,141,467,0,6,0,0,95,2311,9,167,0,0,45,427,88,811,55,737,81,820,65,742,33,518,14,195,12,121,177,1835,214,2467,0,71
60505,2086,11539,68,919,51,410,0,33,1372,3092,0,0,0,0,568,6692,21,388,0,0,269,1383,422,2264,368,1907,476,2012,327,1661,145,1089,57,673,22,547,1025,5117,1047,6149,14,273
60506,1196,9796,158,2032,96,642,44,119,565,1841,0,0,0,0,302,4764,29,395,0,6,115,943,218,1721,190,1353,231,1642,164,1500,116,1205,72,737,90,689,580,4273,609,5054,7,469
60510,151,3532,63,1627,7,83,0,40,28,132,0,0,0,0,48,1602,0,44,0,0,12,392,28,422,23,420,29,424,26,540,21,514,6,335,6,483,73,1483,74,1952,0,97
60513,188,2914,58,1144,6,49,0,21,46,264,0,0,0,0,57,1280,20,154,0,0,10,196,26,358,37,468,37,451,35,424,29,443,0,263,11,309,87,1223,100,1563,0,128
60514,61,1142,33,436,0,20,8,43,0,24,0,0,0,0,12,580,0,39,0,0,0,132,17,147,6,108,6,152,10,211,6,178,0,98,8,115,24,483,37,638,0,21
60515,127,2633,67,981,0,31,0,37,14,42,0,0,0,0,37,1486,0,53,0,0,8,204,14,322,21,356,18,341,20,452,15,462,11,266,20,229,56,1162,66,1413,0,58
60516,159,3042,68,1090,7,80,8,52,20,67,0,0,0,0,50,1670,0,80,0,0,21,257,20,331,22,430,26,379,21,441,26,534,10,346,13,320,78,1317,80,1666,0,59
60517,261,3855,86,1133,37,261,28,134,52,214,0,7,0,0,50,1976,0,129,0,0,29,297,34,511,51,650,44,561,54,705,31,621,13,352,0,154,129,1623,130,2145,0,87
60518,7,192,0,109,0,0,0,0,0,0,0,0,0,0,0,76,0,0,0,0,0,19,0,32,0,20,0,23,0,32,0,38,0,19,0,9,0,70,0,109,0,13
60520,11,252,7,138,0,0,0,0,0,9,0,0,0,0,0,98,0,0,0,0,0,14,0,40,0,31,0,44,0,40,0,44,0,19,0,20,0,106,7,135,0,11
60521,218,2360,109,801,0,14,7,52,17,30,0,0,0,0,70,1369,9,91,0,0,12,289,15,230,11,182,10,297,34,418,40,361,47,316,49,266,115,1025,102,1314,0,21
60523,120,1441,61,578,0,9,16,87,7,39,0,0,0,0,23,610,10,116,0,0,0,53,0,124,8,101,0,103,14,188,17,267,17,331,51,274,52,669,68,757,0,15
60525,340,5515,152,2222,22,171,0,51,61,372,0,0,0,0,89,2517,10,181,0,11,25,463,47,651,41,614,47,670,49,926,58,976,34,662,39,542,165,2338,175,2995,0,182
60526,101,3299,56,1220,0,49,0,13,11,97,0,0,0,0,24,1820,8,98,0,6,9,151,16,335,14,342,18,341,7,352,6,386,0,298,26,1088,51,1157,50,1924,0,218
60527,293,4858,139,1669,28,258,21,161,16,142,0,15,0,0,69,2431,18,178,0,0,15,253,46,484,23,476,37,545,44,659,33,789,34,687,61,961,130,1968,159,2749,0,141
60532,163,3230,66,1067,16,122,7,96,30,116,0,0,0,0,43,1741,0,84,0,10,10,209,26,421,31,527,21,388,30,472,11,477,6,261,28,465,71,1338,92,1836,0,56
60534,199,1612,46,531,6,52,0,7,84,300,0,0,0,0,40,590,20,130,0,0,18,153,45,266,41,263,36,251,22,236,20,211,10,150,6,80,95,739,103,834,0,39
60538,352,3460,63,968,25,143,0,31,193,564,0,0,0,0,60,1667,6,85,0,0,47,443,77,595,67,599,67,649,56,549,24,314,12,197,0,114,157,1490,193,1913,0,57
60540,168,4393,80,1752,11,123,10,155,21,126,0,0,0,0,41,2114,0,119,0,0,17,347,39,626,17,559,29,516,17,724,24,766,17,507,8,347,73,1919,93,2406,0,68
60541,12,239,8,139,0,0,0,0,0,0,0,0,0,0,0,96,0,0,0,0,0,35,0,35,0,40,0,28,0,41,0,26,0,21,0,13,7,109,0,126,0,0
60542,215,2469,68,959,7,65,0,47,53,204,0,0,0,0,77,1140,6,52,0,0,14,185,37,328,33,308,30,379,24,467,23,376,17,234,37,192,89,1140,122,1292,0,37
60543,327,4218,133,1468,35,156,9,71,80,305,0,0,0,0,65,2085,0,129,0,0,30,436,42,571,45,660,62,752,59,704,38,464,18,363,33,268,141,1742,184,2405,0,71
60544,216,3909,64,1553,26,200,9,84,44,222,0,0,0,0,59,1694,13,152,0,0,25,276,33,494,28,473,49,627,43,634,20,479,13,475,0,447,112,1583,104,2285,0,41
60545,165,1688,25,467,0,60,0,10,116,384,0,0,0,0,19,731,0,36,0,0,18,159,32,296,36,308,32,332,31,270,13,179,0,95,0,49,88,748,76,905,0,35
60546,180,3678,71,1716,15,130,6,43,43,460,0,6,0,0,33,1164,10,158,0,7,20,261,27,408,36,548,30,544,26,570,26,488,11,306,0,546,83,1272,95,2250,0,156
60548,133,1887,71,1043,0,16,0,12,43,177,0,0,0,0,15,619,0,20,0,0,10,152,25,287,22,226,17,249,16,244,11,270,15,199,17,260,52,665,79,1155,0,67
60551,30,298,13,178,12,8,0,0,0,0,0,0,0,0,0,102,0,6,0,0,0,20,6,48,0,28,13,38,0,62,0,47,0,37,0,18,22,140,8,152,0,6
60552,13,405,8,227,0,0,0,0,0,13,0,0,0,0,0,151,0,11,0,0,0,35,0,44,0,56,0,47,0,76,0,70,0,48,0,29,0,177,9,221,0,7
60554,54,1179,32,577,0,14,0,6,8,51,0,0,0,0,11,510,0,21,0,0,0,100,0,124,6,159,6,137,15,200,9,180,0,189,0,90,27,525,27,628,0,26
60555,145,1640,35,440,0,22,0,22,78,223,0,0,0,0,24,901,0,28,0,0,17,164,28,236,17,243,32,268,32,302,14,233,0,135,0,59,68,717,77,894,0,29
60558,80,1592,45,771,0,0,0,0,0,18,0,0,0,0,26,749,0,46,0,0,20,239,16,199,13,171,10,174,10,278,0,263,0,157,0,111,44,693,36,889,0,10
60559,359,3214,166,876,33,104,26,133,44,141,0,0,0,0,77,1865,10,90,0,0,14,143,43,465,38,471,42,406,42,480,54,518,51,357,75,374,165,1302,192,1825,0,87
60560,151,2414,67,1098,12,59,0,14,30,156,0,0,0,0,36,1017,0,68,0,0,13,269,42,363,18,411,21,394,28,358,19,344,0,161,6,113,73,1053,75,1315,0,46
60561,144,2700,58,936,7,37,14,123,20,76,0,0,0,0,37,1400,8,121,0,0,10,161,15,328,19,345,25,279,28,412,26,527,16,421,0,226,77,1171,67,1498,0,31
60563,214,4859,77,1683,17,289,17,173,41,212,0,0,0,0,54,2375,7,123,0,0,14,231,34,656,34,708,33,585,23,645,24,615,13,498,38,921,86,1720,127,3033,0,106
60564,231,4019,71,1309,15,136,21,276,17,103,0,0,0,7,99,2052,7,132,0,0,44,445,42,619,19,407,32,612,44,889,25,523,9,325,16,196,108,1779,121,2186,0,54
60565,221,3812,86,1401,13,121,30,212,22,113,0,0,0,8,65,1831,0,124,0,0,17,349,29,517,15,459,21,506,31,640,38,692,27,411,43,238,117,1686,104,2079,0,47
60585,130,2469,50,895,11,120,7,111,21,132,0,0,0,0,37,1111,0,99,0,0,8,263,24,313,11,316,31,530,32,482,9,257,10,167,0,141,62,1035,68,1386,0,48
60586,460,5566,117,1824,71,418,7,87,109,476,0,6,0,0,141,2493,15,261,0,0,48,523,100,978,74,918,89,1026,89,1137,38,554,16,283,6,145,224,2342,236,3157,0,67
60601,89,1633,45,506,14,144,9,84,0,44,0,0,0,0,14,769,0,82,0,0,0,51,29,437,26,385,7,150,9,170,6,182,0,170,7,85,47,768,42,836,0,29
60602,17,328,0,78,0,27,0,6,0,22,0,0,0,0,0,181,0,14,0,0,0,16,7,74,0,36,0,36,0,32,0,46,0,49,0,38,11,177,0,145,0,6
60603,8,167,0,43,0,17,0,13,0,16,0,0,0,0,0,67,0,11,0,0,0,9,0,23,0,28,0,32,0,39,0,22,0,11,0,0,0,77,0,87,0,0
60604,24,232,0,39,0,50,0,0,0,27,0,0,0,0,11,99,0,9,0,0,0,11,0,51,0,42,10,39,0,38,0,33,0,16,0,0,17,132,7,95,0,0
60605,237,3935,69,976,37,416,19,242,24,110,0,0,0,0,77,2035,8,147,0,0,0,119,50,778,86,1274,34,525,28,453,22,439,9,236,0,108,146,1971,90,1940,0,24
60606,37,1268,6,144,0,177,0,18,7,22,0,0,0,0,16,877,0,25,0,0,0,94,12,276,8,282,6,161,0,181,0,151,0,77,0,46,22,771,15,473,0,24
60607,505,4157,128,1249,226,604,20,219,54,197,0,7,0,0,65,1689,11,187,0,0,12,216,73,898,99,1306,70,610,117,488,103,367,22,193,9,75,288,2016,155,2086,62,55
60608,1908,12399,151,1863,311,1766,26,294,1106,4100,0,19,0,16,256,3866,54,475,0,15,144,796,382,2986,355,2763,334,1919,333,1615,209,1299,104,602,47,404,1052,6275,811,5851,45,273
60609,1936,11096,118,1182,284,1701,11,140,1113,2848,0,6,0,6,344,4920,65,293,0,18,188,940,365,2032,361,1940,380,1830,299,1677,198,1405,97,788,48,466,934,4847,976,5302,26,947
60610,333,5736,119,1928,106,805,9,93,19,85,0,0,0,0,65,2645,15,176,0,0,12,219,107,1307,59,1203,39,496,39,660,36,733,25,696,16,422,145,2408,187,3289,0,39
60611,213,5554,114,1955,9,211,15,273,14,65,0,12,0,10,46,2778,14,250,0,0,6,122,55,1201,51,1381,19,625,25,704,17,633,22,530,18,358,103,2284,107,3202,0,68
60612,755,6973,52,841,471,2650,7,94,89,460,0,0,0,0,123,2666,12,254,0,0,40,460,124,1261,152,1456,138,1113,133,1145,112,956,40,384,16,194,382,3361,356,3393,17,219
60613,454,6439,174,1974,60,301,18,155,73,242,0,13,0,0,106,3504,21,249,0,8,21,278,98,1587,86,1626,55,880,54,719,60,689,36,384,44,268,231,2982,217,3335,6,122
60614,615,9527,288,3393,94,521,32,239,83,370,0,11,0,0,101,4767,16,221,0,20,8,408,156,2269,75,1907,72,1079,50,1003,56,976,83,923,115,942,268,3637,332,5565,15,325
60615,442,6524,35,943,300,2968,6,164,16,112,0,0,0,0,75,2224,9,105,0,0,35,445,63,1116,74,1161,69,804,84,994,56,921,29,656,32,423,208,2631,231,3804,0,89
60616,527,8575,50,955,219,1880,58,766,72,407,0,10,0,8,118,4327,8,222,0,9,17,325,85,1182,82,1530,77,1116,87,1349,90,1531,49,900,40,633,255,3646,264,4355,8,574
60617,1315,13364,42,935,539,4535,6,17,291,1131,0,0,0,24,404,6462,32,257,0,8,118,1049,216,1885,211,1767,217,1909,223,2221,163,2073,93,1495,74,957,627,5774,675,7374,13,216
60618,1484,14136,233,3880,29,340,42,417,824,2824,9,66,6,22,279,5991,62,596,0,10,124,1029,288,2619,297,3331,281,2274,248,1903,130,1353,65,802,51,815,756,6141,710,7653,18,342
60619,1038,12590,13,89,836,6598,0,10,13,60,0,0,0,0,159,5705,13,122,0,13,53,722,128,1429,141,1441,189,1627,196,2405,177,2707,80,1410,74,836,417,4927,613,7432,8,231
60620,1230,11807,35,133,796,5275,0,13,24,106,0,0,0,0,320,6149,48,126,0,12,51,685,144,1405,187,1483,220,1730,245,2316,176,2110,124,1305,83,761,532,4774,664,6632,34,401
60621,596,5293,9,86,448,3103,0,0,31,118,0,0,0,0,95,1921,8,57,0,7,30,363,102,700,84,764,76,672,106,1011,95,1037,59,439,44,300,267,2433,323,2775,6,85
60622,732,8616,167,2296,76,376,9,137,319,1057,0,9,0,7,142,4412,19,322,0,0,27,397,122,2025,159,2727,101,1067,99,866,84,672,64,480,76,381,366,3874,361,4528,0,214
60623,3600,14765,104,781,491,2262,0,22,2140,5056,0,0,0,0,727,6109,136,528,0,26,335,1523,615,2819,701,2809,749,2658,636,2348,342,1584,155,693,67,305,1762,6943,1756,7489,82,333
60624,952,6216,23,177,634,3145,0,12,103,333,0,0,0,0,174,2401,14,141,0,7,83,635,147,921,187,1093,178,1079,147,1081,123,860,55,386,31,154,398,2696,535,3311,19,209
60625,1562,12423,260,3121,69,460,146,662,722,1999,11,107,7,18,277,5236,70,820,0,17,80,775,253,1986,260,2557,291,1968,245,1782,207,1725,120,929,106,684,793,5357,710,6132,59,934
60626,1182,11899,301,1806,270,1356,37,183,249,755,0,9,0,6,270,7387,52,397,0,25,41,395,157,1620,158,1900,154,1739,196,1978,193,2151,170,1336,113,755,585,4983,566,5746,31,1170
60628,1239,10980,18,130,841,5732,0,17,57,151,0,0,0,7,269,4840,47,102,0,6,63,637,146,1225,163,1303,188,1542,228,2101,192,1954,159,1424,100,788,530,4531,689,6161,20,288
60629,3599,17195,165,1488,273,1466,0,28,2142,4998,0,0,0,16,868,8533,142,661,0,18,340,1765,756,3698,662,3089,779,3327,588,2530,326,1723,106,720,42,325,1788,7909,1768,9061,43,225
60630,881,7860,222,2297,23,92,73,334,308,1191,18,110,0,7,178,3317,55,512,0,0,50,519,173,1276,141,1481,133,1218,136,1330,103,1088,61,535,84,411,423,3705,453,4056,0,99
60631,383,5672,214,2015,9,41,15,60,48,257,0,26,0,6,83,2989,12,278,0,0,10,241,44,548,54,913,54,1014,61,1025,36,732,45,423,79,774,181,2876,200,2698,0,98
60632,3388,14050,171,1176,87,301,15,146,2358,4962,0,7,0,13,648,6767,107,678,0,16,317,1367,606,3007,649,2597,722,2485,601,2290,299,1366,105,575,88,347,1691,6626,1628,7014,69,410
60633,316,3198,28,408,58,338,10,116,64,307,0,0,0,0,144,1981,12,43,0,9,18,162,45,352,46,398,59,515,61,647,44,675,30,296,12,144,138,1392,151,1443,27,363
60634,1626,13940,318,3216,29,204,64,325,770,3324,20,126,0,12,335,5934,88,799,0,16,104,857,243,2038,293,2469,322,2406,315,2496,214,2010,73,930,61,718,791,6541,823,7200,12,199
60636,824,5376,10,80,496,2716,0,0,164,369,0,0,0,0,136,2118,16,87,0,0,58,474,135,809,137,855,140,775,131,985,93,773,77,453,53,248,375,2390,440,2907,9,79
60637,695,8622,30,831,522,4747,0,103,12,90,0,0,0,10,117,2756,9,80,0,0,38,620,133,1274,143,1431,105,1146,111,1472,79,1353,52,742,34,580,297,3689,393,4814,0,119
60638,1225,8707,285,2382,62,253,0,20,498,1651,0,0,0,7,302,3848,74,542,0,7,94,616,214,1328,214,1612,255,1602,198,1347,124,1125,65,566,61,504,588,4247,626,4358,11,102
60639,3638,18210,174,1099,232,1177,14,88,2341,7671,0,20,0,14,755,7446,121,695,0,16,300,1620,705,3562,717,3442,738,3317,603,2921,359,2073,157,932,59,327,1792,8530,1819,9421,27,259
60640,927,12744,267,3606,190,883,61,377,145,561,0,18,0,8,217,6876,43,415,0,18,27,387,99,1785,135,2540,150,1698,151,2049,161,1844,95,1135,109,1288,468,5595,403,5939,56,1210
60641,1661,13017,182,2299,37,242,39,213,950,3698,0,50,0,12,370,5873,79,630,0,15,135,959,304,2159,292,2450,335,2259,292,2174,202,1687,66,777,35,537,812,5852,823,6977,26,188
60642,228,3204,44,839,27,299,6,76,93,400,0,0,0,0,48,1404,9,181,0,0,11,117,58,800,59,1058,22,418,19,321,22,265,15,143,21,79,105,1348,107,1769,16,87
60643,811,9294,58,668,412,2815,0,6,18,58,0,0,0,0,277,5650,42,92,0,12,25,442,91,917,106,1139,116,1420,162,1741,145,1809,73,1054,93,760,353,3985,425,4960,33,349
60644,1351,9576,61,267,842,4335,0,25,118,466,0,0,0,7,286,4185,37,289,0,20,84,698,205,1313,212,1384,219,1480,213,1722,192,1658,123,797,102,504,614,3983,648,4795,89,798
60645,1146,8352,344,1915,166,672,95,361,279,669,0,29,0,15,157,4069,102,622,0,12,73,615,193,1323,191,1257,169,1149,192,1295,166,1366,72,725,90,610,546,3687,590,4443,10,222
60646,417,4712,155,1632,14,40,28,166,57,262,0,21,0,9,136,2283,23,299,0,7,17,281,36,510,56,735,73,763,61,856,58,620,42,474,74,466,186,2275,196,2257,35,180
60647,1547,14020,160,3101,67,556,14,189,941,3161,0,18,0,12,318,6508,44,475,0,10,112,814,255,3347,274,3818,252,1849,279,1594,179,1276,113,799,83,513,767,6107,760,7536,20,377
60649,890,9202,13,152,713,4975,0,15,13,75,0,8,0,0,134,3896,15,80,0,10,36,495,96,1000,117,1247,111,1234,141,1718,152,1674,124,1101,113,723,380,3803,496,5003,14,396
60651,1889,10751,39,495,586,3144,0,16,855,2392,0,6,0,8,356,4336,49,354,0,19,177,912,330,1811,378,2059,367,1918,288,1660,189,1363,131,773,29,236,865,4755,998,5761,26,235
60652,1060,6857,56,556,241,1422,0,15,358,859,0,0,0,0,366,3818,35,182,0,9,72,492,176,1023,179,1038,210,1158,170,1255,104,1046,54,433,95,403,478,2997,545,3554,37,306
60653,598,7680,14,268,414,3696,12,32,17,85,0,6,0,0,137,3509,0,84,0,19,70,422,62,757,91,1081,96,1121,93,1328,96,1430,55,911,35,611,267,3003,308,3954,23,723
60654,188,2555,76,918,38,176,13,74,14,48,0,0,0,0,39,1217,8,114,0,0,0,60,41,663,57,884,28,316,35,260,17,242,0,84,0,46,122,1187,64,1347,0,21
60655,300,4729,140,1560,32,176,7,12,14,90,0,0,0,0,104,2816,0,73,0,0,7,146,64,644,65,1014,62,1033,45,922,28,518,15,262,14,187,164,2762,135,1881,0,86
60656,331,4111,144,1470,9,37,17,110,41,304,0,39,0,0,85,1935,30,213,0,0,8,203,60,520,67,744,56,794,65,705,44,611,18,279,13,254,164,2108,164,1930,0,73
60657,430,8353,211,2981,31,180,23,186,58,218,0,9,0,16,89,4508,13,255,0,7,11,341,126,2270,86,2075,47,843,48,682,26,631,35,676,51,828,228,3658,196,4522,6,173
60659,838,5671,167,1060,63,286,147,481,232,556,7,48,7,19,126,2666,89,555,0,9,61,484,146,912,144,1000,140,821,135,885,112,830,45,429,55,301,408,2579,407,2976,23,116
60660,503,6005,134,1485,82,393,30,178,135,406,0,13,0,7,85,3206,36,317,0,0,20,184,73,1004,93,1173,62,839,113,1104,83,948,47,535,12,214,278,2752,224,3038,0,215
60661,58,1116,26,349,0,58,6,80,6,28,0,0,0,0,13,545,0,54,0,0,0,14,25,334,17,498,8,122,0,66,0,48,0,28,0,0,29,509,29,595,0,12
60680,7,131,0,19,0,60,0,0,0,7,0,0,0,0,0,40,0,0,0,0,0,8,0,8,0,17,0,24,0,29,0,31,0,13,0,0,0,57,0,73,0,0
60706,469,4752,231,2228,13,19,39,198,78,312,0,67,0,0,84,1720,17,203,0,7,19,244,59,486,34,476,64,624,68,694,80,732,57,428,87,1061,227,1841,238,2753,0,158
60707,866,7348,199,2073,72,485,17,79,345,1512,0,36,0,6,183,2788,44,369,0,7,53,428,133,1034,147,1113,152,1188,170,1323,111,1204,60,691,40,360,396,3123,454,4076,16,149
60712,195,2340,80,918,0,44,30,176,10,130,0,14,0,9,44,780,24,269,0,0,13,114,22,272,29,274,30,242,24,280,20,286,13,267,44,604,94,915,98,1307,0,118
60714,945,6982,274,1541,19,81,159,453,116,340,7,58,0,8,272,4010,94,491,0,19,31,206,81,644,88,806,89,778,102,1005,144,1160,126,894,283,1470,381,2641,538,3920,26,421
60803,291,2697,48,637,45,321,8,26,50,120,0,0,0,0,126,1518,12,72,0,0,12,136,42,391,52,430,59,403,57,491,44,442,17,280,8,123,130,1117,160,1544,0,36
60804,3115,14510,350,2190,61,332,0,32,1723,5547,0,0,0,0,740,4943,233,1457,13,34,285,1398,554,2985,585,2590,658,2732,560,2220,322,1483,108,677,30,391,1550,6647,1493,7518,72,345
60805,254,2531,41,571,60,304,0,14,34,83,0,0,0,0,104,1521,13,36,0,0,11,130,29,330,48,418,37,327,31,398,37,483,23,254,38,190,111,1058,141,1437,0,36
60827,413,3772,9,58,278,1792,0,0,14,35,0,0,0,0,101,1834,10,49,0,0,20,278,86,547,72,635,78,578,75,691,51,609,18,317,13,115,162,1433,247,2251,0,88
60901,753,6904,230,2855,204,1534,0,7,220,448,0,0,0,0,89,1793,9,266,0,14,81,424,155,935,106,984,131,1020,111,1161,72,1157,40,629,57,580,352,3042,395,3760,6,102
60911,12,172,8,126,0,0,0,0,0,0,0,0,0,0,0,34,0,6,0,0,0,14,0,17,0,28,0,25,0,26,0,29,0,19,0,14,0,76,7,94,0,0
60912,6,69,6,53,0,0,0,0,0,0,0,0,0,0,0,14,0,0,0,0,0,0,0,6,0,7,0,7,0,20,0,17,0,0,0,6,0,34,0,35,0,0
60913,7,140,0,119,0,0,0,0,0,0,0,0,0,0,0,17,0,0,0,0,0,13,0,15,0,7,0,24,0,20,0,40,0,15,0,6,0,58,0,81,0,0
60914,248,4553,142,2545,32,285,0,27,24,82,0,0,0,0,39,1492,8,120,0,0,19,280,39,603,47,612,34,647,43,813,28,702,29,572,9,322,92,1895,155,2630,0,28
60915,108,1889,50,1034,18,95,0,6,21,71,0,0,0,0,19,638,0,43,0,0,11,136,20,269,18,299,34,309,14,308,7,224,0,191,0,152,44,743,63,1131,0,15
60919,7,50,7,43,0,0,0,0,0,0,0,0,0,0,0,6,0,0,0,0,0,0,0,9,0,6,0,0,0,8,0,7,0,10,0,6,0,24,0,25,0,0
60922,20,346,14,254,0,9,0,0,0,0,0,0,0,0,0,79,0,0,0,0,0,25,0,47,0,44,0,63,0,55,8,57,0,35,0,20,13,152,0,191,0,0
60927,55,635,51,253,0,0,0,0,0,0,0,0,0,0,0,370,0,11,0,0,0,23,0,41,0,45,0,47,6,71,0,76,0,74,31,258,10,178,44,455,0,0
60928,7,73,7,54,0,0,0,0,0,0,0,0,0,0,0,18,0,0,0,0,0,0,0,0,0,14,0,10,0,17,0,11,0,8,0,7,0,36,0,37,0,0
60930,7,226,0,65,0,0,0,0,0,0,0,0,0,0,0,161,0,0,0,0,0,27,0,38,0,42,0,30,0,32,0,24,0,21,0,12,0,40,0,186,0,0
60931,6,60,6,42,0,0,0,0,0,0,0,0,0,0,0,13,0,0,0,0,0,0,0,0,0,9,0,13,0,13,0,10,0,0,0,0,0,22,0,38,0,0
60936,11,566,10,290,0,0,0,0,0,0,0,0,0,0,0,265,0,0,0,0,0,44,0,56,0,85,0,86,0,73,0,104,0,63,0,55,0,234,7,319,0,13
60938,10,403,0,166,0,0,0,0,0,13,0,0,0,0,0,221,0,0,0,0,0,11,0,38,0,32,0,33,0,56,0,84,0,78,0,71,6,177,0,225,0,0
60940,23,398,18,284,0,0,0,0,0,6,0,0,0,0,0,95,0,8,0,0,0,31,0,57,0,35,8,71,0,70,0,73,0,38,0,23,14,147,9,248,0,0
60941,7,202,7,163,0,0,0,0,0,0,0,0,0,0,0,35,0,0,0,0,0,11,0,20,0,12,0,36,0,38,0,28,0,45,0,12,0,87,6,113,0,0
60942,10,750,0,582,0,9,0,0,6,51,0,0,0,0,0,87,0,19,0,0,0,66,0,95,0,97,0,75,0,128,0,123,0,89,0,77,6,306,0,411,0,33
60950,121,2580,84,2003,9,85,0,0,0,44,0,0,0,0,23,404,0,40,0,0,8,160,16,181,7,162,17,223,15,331,11,390,16,471,31,662,68,1592,53,959,0,29
60953,6,235,6,182,0,0,0,0,0,0,0,0,0,0,0,46,0,6,0,0,0,29,0,22,0,19,0,27,0,41,0,51,0,28,0,18,0,77,6,154,0,0
60954,51,1300,26,766,6,79,0,0,12,99,0,0,0,0,7,327,0,27,0,0,0,54,14,169,8,161,6,157,6,271,9,254,0,159,0,75,25,586,26,663,0,51
60955,16,198,0,105,0,0,0,0,12,31,0,0,0,0,0,48,0,11,0,0,0,35,0,27,0,28,0,28,0,27,0,20,0,19,0,14,6,95,9,102,0,0
60957,14,583,11,469,0,7,0,0,0,15,0,0,0,0,0,82,0,9,0,0,0,51,0,93,0,72,0,95,0,85,0,78,0,63,0,44,0,235,9,337,0,11
60958,26,317,0,29,19,197,0,0,0,17,0,0,0,0,0,67,0,6,0,0,0,17,6,37,0,51,0,39,0,71,0,64,0,16,0,22,13,131,13,184,0,0
60964,43,681,18,412,13,87,0,0,6,24,0,0,0,0,0,138,0,19,0,0,0,46,0,68,7,83,0,104,10,114,8,128,0,96,0,42,19,294,24,381,0,6
60970,22,807,21,594,0,9,0,0,0,19,0,0,0,0,0,168,0,16,0,0,0,52,0,88,0,92,0,95,0,129,0,130,0,101,0,120,9,340,12,458,0,9
61008,500,4483,153,1127,10,41,0,9,310,418,0,0,0,0,7,2848,14,39,0,8,57,480,81,787,84,632,86,659,76,615,51,482,26,336,39,484,236,1679,260,2536,0,268
61010,31,982,16,215,0,0,0,0,0,0,0,0,0,0,15,758,0,6,0,0,0,99,7,143,0,157,0,122,0,134,0,99,0,99,0,128,16,262,14,284,0,436
61011,12,216,10,68,0,0,0,0,0,0,0,0,0,0,0,144,0,0,0,0,0,17,0,30,0,21,0,24,0,33,0,38,0,41,0,12,7,102,0,105,0,9
61012,25,206,9,58,0,0,0,0,14,43,0,0,0,0,0,101,0,0,0,0,0,37,10,43,0,36,6,36,0,28,0,9,0,16,0,0,13,92,12,109,0,0
61016,50,547,23,167,0,8,0,0,16,23,0,0,0,0,0,340,0,0,0,0,0,40,6,66,8,60,14,82,9,107,0,93,0,66,0,32,18,214,32,271,0,62
61019,16,306,6,179,0,0,0,0,0,8,0,0,0,0,9,114,0,0,0,0,0,41,0,31,0,33,0,37,0,58,0,40,0,45,0,20,7,101,9,192,0,13
61020,18,274,0,80,0,0,0,0,0,7,0,0,0,0,12,186,0,0,0,0,0,28,0,44,0,44,7,63,6,54,0,35,0,0,0,0,6,100,12,162,0,12
61021,98,2028,57,399,0,10,0,0,0,30,0,0,0,0,34,1571,0,16,0,0,10,158,17,290,11,276,20,300,19,309,17,358,0,159,0,178,71,858,26,1146,0,24
61024,8,343,8,240,0,0,0,0,0,0,0,0,0,0,0,95,0,0,0,0,0,51,0,50,0,26,0,29,0,50,0,62,0,33,0,42,0,123,6,202,0,18
61025,8,290,0,100,0,0,0,0,0,7,0,0,0,0,6,181,0,0,0,0,0,30,0,32,0,21,0,42,0,49,0,41,0,37,0,38,6,96,0,151,0,43
61032,242,4270,46,1192,24,169,0,8,53,115,0,0,0,0,115,2751,0,34,0,11,24,309,53,518,49,599,34,400,39,633,24,600,11,417,8,783,112,1417,107,2472,23,381
61036,23,924,7,294,0,0,0,0,0,8,0,0,0,0,13,616,0,0,0,0,0,45,6,91,0,83,0,79,0,116,0,187,0,185,0,133,12,325,10,521,0,78
61041,6,90,6,24,0,0,0,0,0,0,0,0,0,0,0,64,0,0,0,0,0,0,0,0,0,8,0,7,0,15,0,25,0,19,0,7,0,36,0,53,0,0
61047,6,121,0,41,0,0,0,0,0,0,0,0,0,0,0,74,0,0,0,0,0,12,0,11,0,10,0,18,0,22,0,33,0,12,0,0,0,60,0,51,0,10
61048,6,258,0,108,0,0,0,0,0,0,0,0,0,0,0,144,0,0,0,0,0,22,0,38,0,40,0,28,0,45,0,39,0,25,0,21,0,99,0,143,0,16
61054,16,307,6,67,0,0,0,0,0,6,0,0,0,0,10,232,0,0,0,0,0,18,0,38,0,55,0,53,0,55,0,38,0,32,0,18,8,134,8,162,0,11
61061,20,554,10,182,0,0,0,0,0,0,0,0,0,0,10,361,0,0,0,0,0,51,6,87,0,65,0,65,0,86,0,70,0,67,0,62,8,230,12,294,0,30
61063,11,356,9,187,0,0,0,0,0,0,0,0,0,0,0,161,0,0,0,0,0,50,0,42,0,54,0,41,0,73,0,66,0,16,0,14,6,146,0,183,0,27
61064,14,212,0,63,0,0,0,0,0,0,0,0,0,0,8,148,0,0,0,0,0,13,0,38,0,33,0,24,0,26,0,50,0,21,0,6,0,76,9,134,0,0
61065,81,1001,35,296,0,12,0,0,38,56,0,0,0,0,0,622,0,11,0,0,11,114,18,140,10,137,23,223,12,194,0,126,0,47,0,20,39,434,42,539,0,28
61068,167,1724,17,325,0,8,0,0,63,106,0,0,0,0,86,1264,0,19,0,0,17,148,34,307,36,269,29,262,31,313,16,220,0,101,0,103,75,708,85,903,7,113
61071,47,639,27,267,0,0,0,0,15,66,0,0,0,0,0,298,0,0,0,0,0,55,0,108,6,93,0,79,13,125,11,109,0,52,0,18,24,232,23,375,0,32
61072,46,928,31,346,0,11,0,0,6,15,0,0,0,0,0,550,0,0,0,0,9,130,11,127,0,130,10,160,0,140,0,130,0,82,0,29,22,358,24,547,0,23
61073,92,1722,55,606,0,11,0,6,15,34,0,0,0,0,16,1056,0,7,0,0,13,217,17,242,11,231,18,274,18,280,9,208,0,147,0,121,50,781,42,882,0,59
61080,62,774,20,211,0,6,0,0,22,47,0,0,0,0,12,496,0,7,0,0,0,102,11,110,12,133,14,143,12,139,6,86,0,31,0,30,26,339,36,403,0,32
61081,97,1174,57,607,0,9,0,0,28,95,0,0,0,0,6,449,0,10,0,0,7,87,14,151,12,176,10,140,16,184,10,170,0,106,25,160,39,462,56,658,0,54
61084,12,192,0,80,0,0,0,0,0,0,0,0,0,0,6,109,0,0,0,0,0,15,0,26,0,35,0,29,0,32,0,40,0,9,0,6,0,88,7,99,0,0
61085,8,228,0,66,0,0,0,0,0,0,0,0,0,0,0,157,0,0,0,0,0,16,0,20,0,26,0,36,0,30,0,44,0,29,0,27,0,92,0,120,0,16
61088,13,523,11,250,0,0,0,0,0,6,0,0,0,0,0,259,0,0,0,0,0,59,0,52,0,58,0,59,0,122,0,86,0,45,0,42,6,205,7,269,0,49
61101,348,3363,57,664,149,337,0,7,99,277,0,0,0,0,32,2038,9,38,0,0,67,412,77,540,51,485,62,515,49,540,21,415,14,288,7,167,155,1213,189,1750,0,400
61102,308,2758,34,373,144,256,0,0,103,326,0,0,0,0,24,1779,0,21,0,0,70,376,61,484,53,428,34,407,47,456,24,352,11,158,8,97,122,988,184,1431,0,339
61103,339,4435,126,991,123,336,0,0,60,215,0,0,0,0,28,2863,0,27,0,0,34,425,64,644,60,671,38,572,46,744,40,648,32,371,25,357,139,1708,196,2442,0,285
61104,347,2439,47,348,114,131,16,14,133,252,0,0,0,0,34,1653,0,38,0,0,71,315,92,567,52,416,56,412,46,331,19,237,6,110,0,50,146,954,199,1258,0,227
61107,303,4279,134,759,48,90,7,30,57,147,0,0,0,0,47,3200,8,49,0,0,26,393,52,611,43,634,33,596,35,602,28,617,24,443,62,380,125,1731,175,2387,0,161
61108,469,4504,186,1000,79,200,15,38,151,347,0,0,0,0,35,2859,0,58,0,6,40,400,73,789,73,660,68,682,64,691,74,625,45,404,32,247,223,1771,243,2402,0,331
61109,321,3411,75,718,68,108,12,15,139,338,0,0,0,0,21,2165,6,62,0,0,47,409,91,688,54,534,59,531,29,539,25,346,9,255,7,108,139,1356,181,1849,0,206
61111,129,2706,83,808,19,51,0,15,12,71,0,0,0,0,11,1735,0,22,0,0,8,255,23,452,27,428,20,403,22,467,22,392,0,174,0,134,45,1057,83,1520,0,129
61114,127,2153,41,504,32,81,8,23,32,77,0,0,0,0,13,1452,0,15,0,0,12,164,30,313,19,265,18,238,22,332,16,355,7,269,0,216,52,828,74,1138,0,187
61115,149,2366,96,859,20,26,8,16,17,74,0,0,0,0,8,1365,0,24,0,0,18,215,36,396,22,351,26,336,16,420,20,348,8,185,0,114,68,1005,81,1264,0,97
61201,324,4970,105,1669,64,441,28,50,46,226,0,0,0,0,78,2492,0,89,0,19,24,390,57,638,56,618,42,669,47,655,42,818,28,598,28,565,155,1926,161,2770,8,274
61231,6,411,0,236,0,0,0,0,0,0,0,0,0,0,0,168,0,7,0,0,0,25,0,45,0,53,0,43,0,55,0,77,0,57,0,53,0,157,0,237,0,17
61235,8,145,7,39,0,0,0,0,0,0,0,0,0,0,0,104,0,0,0,0,0,9,0,13,0,14,0,23,0,31,0,28,0,18,0,9,0,80,0,64,0,0
61238,8,286,6,77,0,0,0,0,0,0,0,0,0,0,0,200,0,0,0,0,0,15,0,33,0,33,0,38,0,48,0,33,0,44,0,42,0,90,6,193,0,0
61239,8,136,0,53,0,10,0,0,0,6,0,0,0,0,0,66,0,0,0,0,0,11,0,24,0,18,0,21,0,20,0,21,0,13,0,8,0,48,0,85,0,0
61240,25,712,16,332,0,0,0,0,0,9,0,0,0,0,9,362,0,6,0,0,0,61,10,88,0,75,0,103,0,106,0,104,0,123,0,49,10,281,15,407,0,24
61241,20,729,14,337,0,0,0,0,0,16,0,0,0,0,0,368,0,7,0,0,0,46,0,100,0,97,0,92,0,158,0,105,0,91,0,38,8,283,12,431,0,15
61244,295,4193,55,1489,77,248,18,51,71,250,0,0,0,0,71,2087,0,62,0,0,18,255,60,560,63,542,61,486,51,560,22,515,10,482,10,788,193,1610,99,2477,0,106
61252,30,354,27,164,0,0,0,0,0,0,0,0,0,0,0,183,0,6,0,0,0,16,0,40,0,32,0,49,0,50,0,49,0,27,12,91,8,116,22,226,0,12
61254,24,1113,17,259,0,0,0,0,0,0,0,0,0,0,6,846,0,0,0,0,0,57,8,137,0,120,0,126,8,187,0,145,0,154,0,186,14,479,10,621,0,13
61256,9,210,6,99,0,0,0,0,0,6,0,0,0,0,0,103,0,0,0,0,0,13,0,16,0,33,0,22,0,39,0,35,0,33,0,17,0,83,6,121,0,6
61264,43,1173,25,574,0,23,0,0,0,14,0,0,0,0,12,544,0,13,0,0,8,83,7,113,0,116,0,133,6,198,7,250,0,156,6,120,17,450,26,684,0,39
61265,363,5889,118,2445,34,243,13,35,102,445,0,0,0,0,87,2597,8,117,0,15,18,403,86,904,72,900,58,757,58,809,41,869,18,622,12,610,177,2280,182,3457,0,152
61270,15,473,12,94,0,0,0,0,0,0,0,0,0,0,0,376,0,0,0,0,0,36,0,53,0,66,0,51,0,58,0,70,0,46,0,92,6,183,9,276,0,14
61273,10,309,7,132,0,0,0,0,0,0,0,0,0,0,0,166,0,6,0,0,0,25,0,38,0,46,0,50,0,57,0,42,0,29,0,21,7,149,0,158,0,0
61275,19,377,8,155,0,0,0,0,0,6,0,0,0,0,8,208,0,0,0,0,0,34,0,24,0,81,0,44,0,52,0,68,0,51,0,21,8,170,10,199,0,8
61282,69,1344,29,606,0,62,0,0,12,70,0,0,0,0,19,575,0,23,0,0,0,90,11,149,10,152,11,160,11,175,7,184,9,194,0,237,31,495,38,827,0,22
61284,10,205,0,98,0,0,0,0,0,0,0,0,0,0,0,100,0,0,0,0,0,10,0,25,0,16,0,17,0,39,0,36,0,36,0,26,6,87,0,111,0,7
61301,7,918,0,475,0,0,0,0,0,32,0,0,0,0,0,399,0,9,0,0,0,33,0,104,0,85,0,89,0,130,0,110,0,90,0,276,0,371,0,325,0,222
61314,6,56,0,26,0,0,0,0,0,0,0,0,0,0,0,30,0,0,0,0,0,9,0,0,0,8,0,0,0,14,0,10,0,9,0,0,0,18,0,35,0,0
61341,47,1013,40,519,0,0,0,0,0,20,0,0,0,0,0,461,0,6,0,0,0,67,6,154,0,128,0,139,6,184,14,161,0,97,11,83,19,318,28,634,0,61
61342,26,512,6,247,0,0,0,0,16,47,0,0,0,0,0,202,0,15,0,0,0,32,0,60,0,65,6,98,8,80,0,57,0,47,0,73,12,203,14,281,0,28
61348,6,275,6,177,0,0,0,0,0,0,0,0,0,0,0,89,0,0,0,0,0,10,0,47,0,44,0,36,0,54,0,47,0,17,0,20,0,86,0,157,0,32
61350,44,2510,24,1556,0,19,0,9,14,94,0,0,0,0,0,807,0,24,0,0,0,127,8,291,0,257,8,238,8,354,7,309,0,336,0,597,21,816,23,1567,0,127
61354,9,714,7,415,0,0,0,0,0,22,0,0,0,0,0,259,0,7,0,0,0,26,0,98,0,102,0,90,0,105,0,105,0,66,0,121,0,226,6,406,0,82
61356,11,1012,8,269,0,0,0,0,0,11,0,0,0,0,0,709,0,17,0,0,0,40,0,113,0,108,0,121,0,147,0,154,0,119,0,210,8,294,0,615,0,103
61360,9,182,6,82,0,0,0,0,0,0,0,0,0,0,0,95,0,0,0,0,0,14,0,30,0,31,0,22,0,30,0,32,0,16,0,7,0,83,6,98,0,0
61362,9,673,0,164,0,0,0,0,0,22,0,0,0,0,0,478,0,0,0,0,0,42,0,79,0,105,0,68,0,126,0,108,0,74,0,71,0,173,0,456,0,44
61364,10,1504,0,811,0,14,0,0,0,95,0,0,0,0,0,572,0,12,0,0,0,109,0,292,0,227,0,222,0,193,0,187,0,127,0,146,0,488,0,870,0,146
61401,146,2966,62,1056,60,78,0,0,19,34,0,0,0,0,0,1764,0,31,0,0,11,219,25,442,33,437,24,416,27,431,16,435,0,309,6,277,78,1197,68,1592,0,177
61410,9,181,8,85,0,0,0,0,0,0,0,0,0,0,0,92,0,0,0,0,0,16,0,28,0,35,0,34,0,33,0,15,0,16,0,0,0,71,7,107,0,0
61420,6,63,6,43,0,0,0,0,0,0,0,0,0,0,0,19,0,0,0,0,0,7,0,6,0,7,0,6,0,7,0,10,0,18,0,0,0,30,0,31,0,0
61443,23,815,6,209,0,13,0,0,10,18,0,0,0,0,0,561,0,11,0,0,0,90,0,136,0,122,0,111,7,129,6,108,0,85,0,33,11,286,12,511,0,18
61455,88,1547,63,1020,19,21,0,0,0,10,0,0,0,0,0,482,0,13,0,0,0,108,29,299,0,182,6,123,7,196,7,180,10,193,24,265,31,603,56,882,0,62
61462,120,924,27,336,7,10,13,0,62,97,0,0,0,0,11,452,0,24,0,0,0,64,22,167,35,181,28,154,21,162,12,107,0,64,0,25,58,408,59,455,0,61
61469,7,154,6,120,0,0,0,0,0,0,0,0,0,0,0,33,0,0,0,0,0,9,0,19,0,20,0,31,0,33,0,27,0,9,0,6,0,46,0,103,0,0
61523,8,1300,6,709,0,0,0,0,0,0,0,0,0,0,0,580,0,0,0,0,0,94,0,152,0,134,0,151,0,191,0,206,0,168,0,203,0,481,0,753,0,66
61525,35,1010,30,335,0,17,0,18,0,6,0,0,0,0,0,613,0,19,0,0,10,152,0,108,7,185,7,173,6,144,0,121,0,92,0,35,17,446,18,518,0,46
61528,6,295,6,110,0,0,0,0,0,0,0,0,0,0,0,178,0,0,0,0,0,44,0,18,0,29,0,39,0,46,0,73,0,34,0,12,0,167,0,114,0,14
61547,9,335,9,134,0,0,0,0,0,0,0,0,0,0,0,199,0,0,0,0,0,26,0,37,0,27,0,54,0,63,0,70,0,29,0,29,0,139,7,178,0,18
61548,19,985,11,439,0,6,0,0,0,0,0,0,0,0,6,526,0,6,0,0,0,97,0,91,0,134,0,145,6,159,0,158,0,127,0,74,8,430,11,519,0,36
61550,27,2200,23,652,0,0,0,0,0,8,0,0,0,0,0,1524,0,6,0,0,0,144,8,256,0,301,0,285,6,331,0,388,0,263,0,232,14,837,12,1279,0,84
61554,50,4578,45,1870,0,14,0,6,0,17,0,0,0,0,0,2650,0,21,0,0,0,215,8,497,9,581,7,588,11,751,6,851,7,690,0,405,27,1836,22,2496,0,246
61568,6,316,0,138,0,0,0,0,0,0,0,0,0,0,0,172,0,0,0,0,0,22,0,34,0,32,0,40,0,50,0,68,0,39,0,31,0,133,0,172,0,11
61571,33,2534,27,1165,0,8,0,0,0,18,0,0,0,0,0,1324,0,12,0,0,0,190,0,287,0,289,0,308,0,324,0,353,6,362,13,421,8,907,24,1431,0,196
61602,8,228,0,61,0,23,0,0,0,0,0,0,0,0,0,140,0,0,0,0,0,10,0,50,0,41,0,31,0,48,0,38,0,8,0,0,8,154,0,67,0,7
61603,117,2337,6,422,25,263,6,0,69,67,0,0,0,0,9,1530,0,50,0,0,27,250,19,333,32,388,24,392,0,369,9,394,0,167,0,44,53,918,60,1293,0,126
61604,104,4014,25,1059,40,445,0,11,32,46,0,0,0,0,0,2396,0,51,0,7,12,262,24,561,25,600,19,503,9,663,10,699,0,462,0,257,42,1607,62,2214,0,193
61605,82,1871,8,280,28,438,0,0,40,38,0,0,0,0,6,1090,0,25,0,0,9,145,23,251,23,261,11,251,11,315,0,331,0,224,0,92,31,700,51,1086,0,85
61606,20,574,10,126,0,54,0,0,0,12,0,0,0,0,0,375,0,0,0,0,7,53,0,138,0,88,0,72,0,75,0,89,0,40,0,17,6,248,14,301,0,25
61607,13,1035,10,437,0,15,0,0,0,6,0,0,0,0,0,561,0,12,0,0,0,60,0,128,0,113,0,164,0,169,0,178,0,124,0,99,6,408,6,577,0,50
61610,8,503,8,247,0,0,0,0,0,0,0,0,0,0,0,247,0,0,0,0,0,33,0,59,0,69,0,52,0,108,0,87,0,46,0,49,0,192,0,286,0,25
61611,40,2581,33,1154,0,25,0,6,0,17,0,0,0,0,0,1357,0,22,0,0,0,152,0,323,0,339,6,284,9,419,6,420,0,371,7,273,26,992,14,1421,0,168
61614,151,4064,89,1312,36,221,0,18,18,26,0,0,0,0,0,2445,0,41,0,0,8,237,17,498,19,506,16,504,8,522,13,637,20,571,50,588,68,1513,82,2236,0,315
61615,63,3350,41,1112,14,303,0,53,0,26,0,0,0,0,0,1810,0,46,0,0,0,239,21,581,8,432,0,433,14,513,0,413,0,377,0,361,25,1277,38,1957,0,116
61616,12,1109,7,235,0,24,0,0,0,6,0,0,0,0,0,835,0,9,0,0,0,52,7,152,0,161,0,145,0,182,0,224,0,122,0,71,6,414,6,634,0,61
61701,80,4280,35,1021,21,146,0,9,14,32,0,0,0,0,9,3041,0,28,0,0,8,262,11,635,9,684,15,557,14,745,12,718,6,411,0,266,26,1527,48,2369,6,384
61704,92,3273,52,830,19,87,0,42,9,25,0,0,0,6,7,2250,0,33,0,0,0,267,16,512,12,454,9,384,11,567,13,542,14,355,12,191,35,1334,55,1646,0,293
61705,21,1404,12,352,6,29,0,6,0,9,0,0,0,0,0,998,0,10,0,0,0,133,0,161,0,192,0,212,0,195,0,257,0,146,0,107,0,544,15,752,0,108
61726,6,215,6,103,0,0,0,0,0,0,0,0,0,0,0,106,0,0,0,0,0,13,0,23,0,23,0,25,0,44,0,47,0,29,0,11,0,76,0,121,0,18
61727,12,662,9,308,0,0,0,0,0,0,0,0,0,0,0,339,0,11,0,0,0,78,0,88,0,90,0,67,0,111,0,99,0,85,0,44,0,247,10,385,0,30
61729,6,89,0,32,0,0,0,0,0,0,0,0,0,0,0,56,0,0,0,0,0,0,0,12,0,11,0,6,0,13,0,17,0,23,0,0,0,37,0,50,0,0
61739,6,462,6,279,0,0,0,0,0,0,0,0,0,0,0,175,0,0,0,0,0,40,0,59,0,42,0,23,0,54,0,79,0,46,0,119,0,150,0,279,0,33
61745,8,357,6,105,0,0,0,0,0,0,0,0,0,0,0,246,0,0,0,0,0,34,0,34,0,39,0,69,0,55,0,71,0,47,0,8,0,130,0,196,0,31
61761,84,4099,45,1215,22,134,0,35,7,35,0,0,0,0,10,2645,0,33,0,0,0,325,42,762,7,535,11,526,0,596,8,574,7,458,0,323,37,1541,45,2252,0,306
61764,22,1248,16,533,0,19,0,0,0,13,0,0,0,0,0,673,0,10,0,0,0,103,0,148,0,169,0,128,0,173,0,184,0,119,0,219,13,420,9,640,0,188
61801,62,4446,17,2490,16,725,0,258,18,180,0,0,0,0,0,438,6,346,0,13,10,377,19,1123,16,826,0,533,0,574,0,514,0,314,0,172,35,2027,27,2382,0,37
61802,136,4402,27,2507,29,854,0,133,67,406,0,0,0,0,0,326,0,171,0,0,25,386,27,625,34,712,24,584,8,574,11,545,0,416,0,557,75,1749,61,2624,0,29
61820,158,4882,26,2476,41,940,0,258,67,343,0,0,0,12,11,535,10,314,0,0,33,437,67,1606,29,873,13,575,10,501,0,503,0,244,0,140,90,2313,68,2535,0,34
61821,185,6801,43,4191,73,1384,0,170,54,357,0,0,0,9,7,419,0,266,0,8,43,767,47,1080,34,1209,33,986,14,941,9,872,0,547,0,391,86,2807,99,3948,0,46
61822,85,4926,40,3266,25,602,7,301,6,179,0,0,0,0,0,335,0,236,0,0,13,600,21,694,13,744,12,711,18,755,0,780,0,421,0,219,39,2183,46,2714,0,29
61832,47,3071,21,1845,19,578,0,13,0,75,0,0,0,0,0,476,0,83,0,0,0,196,13,435,8,411,0,363,6,420,0,487,0,413,0,341,20,1180,27,1739,0,152
61834,6,602,6,505,0,19,0,0,0,9,0,0,0,0,0,42,0,21,0,0,0,46,0,69,0,47,0,64,0,105,0,123,0,89,0,59,0,257,0,338,0,7
61842,7,328,0,214,0,0,0,0,0,25,0,0,0,0,0,82,0,0,0,0,0,24,0,45,0,41,0,44,0,53,0,48,0,34,0,38,0,134,0,187,0,7
61843,19,559,19,507,0,0,0,0,0,0,0,0,0,0,0,32,0,12,0,0,0,98,0,79,0,88,0,75,0,73,0,66,0,43,0,37,10,240,9,315,0,0
61853,66,3407,61,3052,0,42,0,31,0,45,0,0,0,0,0,159,0,75,0,0,34,748,0,347,0,457,10,603,0,494,6,414,0,196,0,146,33,1473,32,1924,0,10
61856,11,1177,11,953,0,0,0,0,0,15,0,0,0,0,0,171,0,32,0,0,0,103,0,116,0,146,0,169,0,129,0,167,0,159,0,188,6,474,0,693,0,10
61866,208,2985,21,1419,28,468,0,16,147,707,0,0,0,0,6,255,0,116,0,37,39,346,46,519,54,519,35,430,23,441,9,346,0,195,0,152,120,1348,88,1611,0,26
61873,16,954,15,855,0,0,0,9,0,8,0,0,0,0,0,51,0,26,0,0,0,122,0,108,0,118,0,160,0,175,0,134,0,83,0,53,0,419,11,532,0,0
61874,41,2288,25,1631,8,179,0,89,0,40,0,0,0,0,6,243,0,105,0,0,0,234,0,213,0,315,7,288,0,229,0,275,0,241,16,492,15,892,20,1316,6,80
61880,16,720,14,639,0,8,0,0,0,12,0,0,0,0,0,41,0,15,0,0,0,99,0,98,0,120,0,98,0,128,0,92,0,59,0,26,7,302,9,416,0,0
61884,6,182,6,157,0,0,0,0,0,0,0,0,0,0,0,15,0,6,0,0,0,15,0,23,0,32,0,18,0,29,0,31,0,19,0,15,0,77,0,105,0,0
61910,25,477,19,390,0,0,0,0,6,23,0,0,0,0,0,48,0,14,0,0,0,24,6,48,0,51,0,36,7,66,0,113,0,87,0,49,16,211,9,261,0,0
61911,15,278,15,230,0,0,0,0,0,0,0,0,0,0,0,32,0,10,0,0,0,34,0,31,0,33,0,22,0,49,0,39,0,38,0,32,10,138,0,137,0,0
61920,113,2842,105,2370,6,120,0,21,0,21,0,0,0,0,0,222,0,88,0,0,6,198,17,452,6,356,9,358,16,443,18,414,15,356,26,264,39,1101,74,1717,0,24
61938,60,3521,51,3090,6,98,0,11,0,19,0,0,0,0,0,215,0,86,0,0,13,248,10,478,12,441,12,357,0,489,0,556,0,485,0,466,26,1308,34,2177,0,36
61944,16,697,10,216,0,0,0,0,0,0,0,0,0,0,0,462,0,14,0,0,0,52,0,65,0,70,0,119,0,100,0,149,0,104,0,38,0,292,6,400,6,0
61951,9,872,8,620,0,0,0,0,0,0,0,0,0,0,0,123,0,121,0,0,0,57,0,93,0,103,0,99,0,111,0,163,0,134,0,112,0,313,0,552,0,7
61953,17,755,8,643,0,0,0,0,7,26,0,0,0,0,0,58,0,23,0,0,0,71,0,105,0,110,0,101,0,118,0,122,0,69,0,58,8,285,8,467,0,0
61956,6,401,6,359,0,0,0,0,0,10,0,0,0,0,0,26,0,0,0,0,0,52,0,36,0,52,0,56,0,63,0,63,0,48,0,31,0,153,0,248,0,0
62002,178,2221,70,661,55,311,0,0,0,9,0,0,0,0,44,943,8,290,0,0,0,163,25,295,26,321,20,309,23,360,26,396,19,200,34,173,51,804,98,1369,29,48
62010,48,508,19,196,0,0,0,0,17,0,0,0,0,0,7,237,0,69,0,0,8,30,10,84,10,69,0,74,9,89,0,86,0,57,0,19,24,203,21,300,0,0
62012,16,463,11,243,0,0,0,0,0,0,0,0,0,0,0,184,0,32,0,0,0,23,0,42,0,57,0,47,0,99,0,82,0,59,0,53,6,176,10,266,0,21
62018,12,193,0,78,0,0,0,0,0,0,0,0,0,0,0,75,0,36,0,0,0,14,0,22,0,22,0,14,0,46,0,34,0,32,0,9,0,80,11,109,0,0
62024,18,536,14,226,0,13,0,0,0,0,0,0,0,0,0,202,0,91,0,0,0,29,0,54,0,71,0,66,0,69,0,84,0,64,0,99,0,205,13,325,0,6
62025,156,2324,80,1018,12,124,0,0,0,8,0,0,0,0,22,772,37,398,0,0,0,181,23,416,20,295,14,267,20,332,24,370,26,284,24,177,67,993,88,1306,0,25
62033,7,556,0,441,0,0,0,0,0,0,0,0,0,0,0,97,0,9,0,0,0,33,0,64,0,78,0,82,0,76,0,103,0,58,0,62,0,176,0,374,0,6
62034,88,1541,56,789,12,119,0,12,0,10,0,0,0,0,0,418,15,192,0,0,0,116,13,218,7,163,0,174,0,187,6,195,6,117,45,371,33,466,55,1045,0,30
62035,61,1666,36,438,10,90,0,0,0,13,0,0,0,0,13,1011,0,113,0,0,0,54,14,248,9,258,9,217,15,294,6,315,0,197,0,83,20,804,38,823,0,39
62040,220,3415,88,1191,38,156,0,0,52,214,0,0,0,0,32,1451,7,396,0,7,30,322,55,504,36,507,29,478,37,565,21,517,10,282,0,233,91,1382,129,1976,0,57
62049,14,1064,8,595,0,9,0,0,0,7,0,0,0,0,0,443,0,10,0,0,0,31,0,106,0,109,0,98,0,129,0,161,0,163,0,266,0,372,9,632,0,60
62052,21,1002,20,159,0,0,0,0,0,0,0,0,0,0,0,813,0,29,0,0,0,49,0,114,0,105,0,110,0,153,0,141,0,128,0,201,8,342,13,653,0,7
62056,34,1248,24,723,0,0,0,0,0,6,0,0,0,0,10,505,0,10,0,0,0,132,8,127,6,157,0,139,8,194,0,213,0,124,0,161,13,424,20,697,0,127
62059,7,55,0,0,0,20,0,0,0,0,0,0,0,0,0,27,0,0,0,0,0,0,0,10,0,9,0,7,0,8,0,15,0,0,0,0,0,18,0,36,0,0
62060,52,487,0,26,34,103,0,0,10,35,0,0,0,0,0,284,0,39,0,0,9,58,8,66,8,63,11,76,7,97,6,68,0,48,0,11,26,194,25,285,0,8
62062,23,1457,13,877,0,61,0,0,0,10,0,0,0,0,6,310,0,196,0,0,0,99,6,230,0,172,0,142,6,185,0,146,0,172,0,310,9,375,14,980,0,102
62067,8,142,6,75,0,0,0,0,0,0,0,0,0,0,0,54,0,13,0,0,0,11,0,20,0,18,0,17,0,27,0,24,0,14,0,11,0,70,0,72,0,0
62069,11,274,8,200,0,0,0,0,0,0,0,0,0,0,0,66,0,7,0,0,0,23,0,25,0,48,0,46,6,50,0,37,0,28,0,17,0,102,7,160,0,12
62088,8,796,6,573,0,0,0,0,0,10,0,0,0,0,0,200,0,10,0,0,0,89,0,87,0,89,0,94,0,94,0,86,0,73,0,184,0,209,6,483,0,104
62090,14,132,0,0,11,23,0,0,0,0,0,0,0,0,0,99,0,7,0,0,0,14,6,22,0,9,0,10,0,20,0,31,0,16,0,10,0,35,13,95,0,0
62095,29,618,20,250,0,11,0,0,0,0,0,0,0,0,0,239,0,118,0,0,0,33,0,97,8,95,0,91,7,97,0,103,0,73,0,29,14,266,14,343,0,9
62201,138,1077,10,111,19,99,0,0,99,487,0,0,0,0,7,317,0,62,0,6,31,199,27,215,22,159,22,173,19,156,11,94,0,55,0,20,62,503,76,563,0,11
62203,83,727,0,16,78,285,0,0,0,6,0,0,0,0,0,359,0,60,0,0,8,97,16,83,18,109,13,95,10,122,8,102,7,97,0,22,34,317,49,396,0,14
62204,84,673,0,13,70,238,0,0,8,8,0,0,0,0,6,381,0,32,0,0,6,76,15,84,11,84,24,92,14,140,8,107,0,64,0,26,30,279,54,384,0,10
62205,91,962,0,11,83,417,0,0,0,8,0,0,0,0,7,465,0,61,0,0,7,101,17,116,19,143,16,140,12,169,11,159,6,91,0,42,27,363,64,579,0,20
62206,224,1525,17,165,194,669,0,0,0,18,0,0,0,0,10,576,0,94,0,0,25,153,54,294,35,267,39,274,40,232,18,166,8,87,0,49,82,590,142,892,0,43
62207,130,778,0,23,115,334,0,0,0,0,0,0,0,0,11,352,0,64,0,0,16,135,21,96,18,103,24,120,25,132,14,105,7,61,0,25,54,315,76,450,0,13
62208,124,1438,26,390,65,262,0,6,0,23,0,0,0,0,20,628,10,128,0,0,13,128,16,220,17,217,24,216,13,271,28,207,6,86,6,88,57,592,64,813,0,33
62215,7,140,0,105,0,0,0,0,0,0,0,0,0,0,0,22,0,11,0,0,0,11,0,33,0,25,0,33,0,14,0,11,0,0,0,9,0,43,0,87,0,10
62216,7,272,6,202,0,0,0,0,0,0,0,0,0,0,0,53,0,17,0,0,0,13,0,40,0,33,0,31,0,39,0,38,0,27,0,51,0,105,0,162,0,0
62217,9,64,9,44,0,0,0,0,0,0,0,0,0,0,0,17,0,0,0,0,0,12,0,11,0,0,0,11,0,9,0,8,0,0,0,0,0,31,0,29,0,0
62220,227,1514,76,537,74,197,0,0,0,16,0,0,0,0,69,607,7,154,0,10,14,157,26,256,21,275,25,250,24,183,21,179,32,102,64,102,84,638,142,797,0,79
62221,210,1928,42,495,98,369,0,7,0,19,0,0,0,0,50,844,16,192,0,7,35,196,42,367,40,321,29,305,37,325,14,236,8,115,0,56,71,737,129,1144,10,47
62223,89,1395,22,333,46,188,0,0,0,17,0,0,0,0,16,693,0,160,0,0,0,91,14,170,19,203,16,202,17,238,7,215,7,130,6,144,32,424,54,713,0,258
62225,6,153,0,63,0,13,0,0,0,6,0,0,0,0,0,53,0,14,0,0,0,34,0,33,0,32,0,31,0,16,0,0,0,0,0,0,0,61,0,90,0,0
62226,258,2508,71,558,115,406,0,0,0,11,0,0,0,0,52,1295,12,235,0,9,19,193,45,369,32,369,29,356,44,462,36,384,32,169,21,197,101,915,152,1486,0,107
62230,28,569,15,436,0,0,0,0,6,6,0,0,0,0,0,107,0,20,0,0,9,48,9,105,0,64,0,67,0,80,0,51,0,48,0,105,13,177,15,366,0,26
62231,88,772,77,613,0,12,0,0,0,7,0,0,0,0,0,124,0,14,0,0,0,54,0,88,7,95,6,64,0,96,9,104,10,81,46,188,28,245,59,491,0,36
62232,55,1354,13,579,11,133,0,0,12,87,0,0,0,0,10,504,9,49,0,0,8,113,13,186,16,195,0,212,0,221,0,163,0,129,0,132,25,408,27,799,0,147
62233,112,878,75,512,0,19,0,0,32,37,0,0,0,0,0,302,0,8,0,0,8,81,27,159,28,134,19,101,19,140,0,121,0,62,0,75,65,401,45,434,0,43
62234,221,2731,52,1029,49,219,0,6,75,296,0,0,0,0,33,974,12,207,0,0,33,312,55,464,45,460,33,432,29,430,11,342,14,182,0,104,101,1171,117,1529,0,31
62236,64,559,44,201,0,0,0,0,0,6,0,0,0,0,13,325,0,22,0,0,0,49,10,73,6,94,0,71,6,99,0,57,0,49,27,65,20,218,44,331,0,10
62237,6,599,0,422,0,0,0,0,0,0,0,0,0,0,0,167,0,0,0,0,0,62,0,63,0,75,0,94,0,83,0,53,0,42,0,124,0,127,0,329,0,143
62238,8,57,6,34,0,0,0,0,0,0,0,0,0,0,0,19,0,0,0,0,0,0,0,12,0,10,0,8,0,6,0,8,0,7,0,0,0,22,0,25,0,10
62239,22,243,8,100,0,0,0,0,0,0,0,0,0,0,9,127,0,14,0,0,0,14,0,31,0,51,0,32,0,39,0,43,0,21,0,11,7,102,14,136,0,0
62240,6,64,0,32,0,0,0,0,0,0,0,0,0,0,0,24,0,0,0,0,0,0,0,0,0,16,0,12,0,13,0,13,0,0,0,0,0,28,0,34,0,0
62241,7,83,7,54,0,0,0,0,0,0,0,0,0,0,0,29,0,0,0,0,0,14,0,9,0,10,0,8,0,14,0,13,0,12,0,0,0,40,0,42,0,0
62242,7,68,7,45,0,0,0,0,0,0,0,0,0,0,0,19,0,0,0,0,0,8,0,7,0,9,0,7,0,8,0,19,0,6,0,0,0,28,0,38,0,0
62243,11,302,8,174,0,0,0,0,0,0,0,0,0,0,0,93,0,33,0,0,0,37,0,51,0,37,0,35,0,46,0,54,0,26,0,14,0,138,6,155,0,9
62245,7,122,0,87,0,0,0,0,0,0,0,0,0,0,0,26,0,0,0,0,0,9,7,36,0,14,0,14,0,24,0,14,0,9,0,0,0,43,0,74,0,0
62246,13,868,0,329,0,9,0,0,0,0,0,0,0,0,6,506,0,20,0,0,0,46,0,108,0,182,0,144,0,112,0,114,0,90,0,71,0,413,7,437,0,18
62249,24,1063,19,643,0,0,0,0,0,6,0,0,0,0,0,356,0,52,0,0,0,65,6,144,6,116,0,118,0,132,0,206,0,117,0,163,11,401,13,649,0,13
62254,103,712,40,421,9,50,0,0,0,8,0,0,0,0,52,169,0,61,0,0,0,33,6,98,0,90,0,59,6,97,18,139,21,87,46,109,35,233,67,466,0,13
62255,8,57,0,40,0,0,0,0,0,0,0,0,0,0,0,14,0,0,0,0,0,0,0,9,0,13,0,9,0,12,0,8,0,0,0,0,0,15,0,39,0,0
62257,13,211,10,164,0,0,0,0,0,0,0,0,0,0,0,40,0,7,0,0,0,20,0,19,0,40,0,22,0,36,0,42,0,16,0,15,6,73,7,128,0,10
62258,29,958,20,375,0,34,0,0,0,0,0,0,0,0,6,487,0,53,0,0,0,77,0,138,6,139,6,136,0,156,0,135,0,91,0,83,9,363,20,582,0,13
62260,18,298,12,149,0,0,0,0,0,0,0,0,0,0,0,117,0,30,0,0,0,25,0,53,0,46,0,38,0,56,0,41,0,26,0,12,6,128,12,162,0,8
62264,60,238,26,117,0,0,0,0,0,0,0,0,0,0,32,106,0,13,0,0,0,21,0,31,0,22,0,30,0,38,6,29,9,32,26,35,23,85,37,142,0,11
62265,47,883,30,642,0,9,0,0,7,21,0,0,0,0,7,187,0,23,0,0,0,49,9,121,8,213,6,92,7,107,12,178,0,61,0,62,15,298,30,528,0,57
62269,141,1999,52,728,46,209,0,12,6,42,0,0,0,0,27,811,9,194,0,0,9,187,24,325,29,361,26,292,24,314,13,265,9,164,7,86,58,807,79,1144,0,48
62272,50,217,7,86,0,0,0,0,42,77,0,0,0,0,0,50,0,0,0,0,0,27,14,36,13,43,10,34,0,29,0,22,0,20,0,0,26,96,21,104,0,17
62274,13,608,12,259,0,6,0,0,0,0,0,0,0,0,0,338,0,0,0,0,0,54,0,97,0,77,0,100,0,75,0,80,0,60,0,65,7,208,6,367,0,33
62278,22,586,19,243,0,0,0,0,0,0,0,0,0,0,0,328,0,12,0,0,0,47,0,102,0,69,0,70,0,92,8,79,0,48,0,79,8,181,14,386,0,19
62285,23,258,17,133,0,0,0,0,0,0,0,0,0,0,0,91,0,30,0,0,0,18,0,37,0,29,0,38,0,36,0,51,0,34,0,15,8,111,14,143,0,0
62286,55,589,39,333,7,17,0,0,0,7,0,0,0,0,0,223,0,0,0,0,0,42,13,105,10,83,0,75,12,89,7,79,0,44,0,72,17,216,38,302,0,71
62288,33,323,25,217,0,0,0,0,7,7,0,0,0,0,0,95,0,0,0,0,0,35,0,43,8,49,0,60,6,56,12,52,0,20,0,7,17,137,14,165,0,21
62293,13,436,9,326,0,0,0,0,0,0,0,0,0,0,0,82,0,18,0,0,0,28,0,82,0,96,0,35,0,47,0,49,0,45,0,54,0,147,9,263,0,26
62294,44,923,35,517,0,22,0,0,0,15,0,0,0,0,6,301,0,67,0,0,0,72,7,131,9,190,12,143,0,156,6,124,0,77,0,30,18,402,25,508,0,13
62295,14,100,10,51,0,6,0,0,0,0,0,0,0,0,0,39,0,0,0,0,0,16,0,14,0,21,0,17,0,12,0,14,0,6,0,0,0,37,9,62,0,0
62298,76,1390,58,936,0,26,0,0,0,27,0,0,0,0,12,373,0,28,0,0,0,167,14,206,11,194,7,157,18,214,14,172,0,82,6,198,36,480,38,881,0,29
62301,71,5819,37,3999,21,103,0,14,0,62,0,0,0,0,11,1613,0,21,0,0,6,281,18,639,9,773,0,763,14,1051,7,600,10,579,0,1130,34,2014,35,2968,0,837
62305,67,859,43,451,10,7,0,0,0,10,0,0,0,0,13,385,0,0,0,0,12,114,16,116,0,96,8,84,9,130,12,133,0,102,0,84,35,316,32,476,0,67
62353,7,446,0,298,0,0,0,0,0,7,0,0,0,0,0,130,0,9,0,0,0,21,0,67,0,42,0,71,0,67,0,96,0,36,0,46,0,174,0,234,0,38
62401,11,1477,9,1034,0,6,0,0,0,6,0,0,0,0,0,224,0,203,0,0,0,96,0,176,0,155,0,156,0,228,0,241,0,221,0,203,6,543,0,911,0,23
62420,21,373,11,261,0,0,0,0,0,0,0,0,0,0,0,53,7,56,0,0,8,37,0,42,0,29,0,52,0,55,0,61,0,55,0,42,9,142,12,229,0,0
62427,6,89,6,48,0,0,0,0,0,0,0,0,0,0,0,31,0,10,0,0,0,9,0,12,0,17,0,13,0,15,0,11,0,6,0,6,0,31,0,56,0,0
62428,9,289,9,246,0,0,0,0,0,0,0,0,0,0,0,32,0,10,0,0,0,22,0,40,0,43,0,51,0,42,0,37,0,40,0,14,6,124,0,162,0,0
62439,7,535,6,217,0,0,0,0,0,0,0,0,0,0,0,314,0,0,0,0,0,51,0,72,0,81,0,64,0,59,0,77,0,66,0,65,0,176,0,327,0,32
62441,12,431,8,182,0,0,0,0,0,0,0,0,0,0,0,240,0,9,0,0,0,29,0,44,0,47,0,50,0,81,0,57,0,51,0,72,0,153,7,276,0,0
62447,21,486,17,396,0,0,0,0,0,0,0,0,0,0,0,27,0,61,0,0,0,24,0,61,0,44,0,52,0,59,0,57,0,50,16,139,7,146,14,334,0,6
62448,37,762,35,558,0,0,0,0,0,0,0,0,0,0,0,165,0,35,0,0,0,42,0,74,0,66,0,103,0,109,0,98,0,87,25,183,16,250,21,490,0,22
62450,7,1455,0,718,0,0,0,7,0,9,0,0,0,0,0,696,0,20,0,0,0,248,0,169,0,179,0,164,0,204,0,196,0,154,0,140,0,547,0,896,0,12
62454,11,572,10,220,0,0,0,0,0,0,0,0,0,0,0,288,0,61,0,0,0,30,0,58,0,89,0,56,0,95,0,77,0,78,0,87,0,203,8,352,0,17
62467,9,211,0,143,0,0,0,0,0,0,0,0,0,0,0,19,0,49,0,0,0,29,0,28,0,25,0,22,0,23,0,40,0,30,0,13,0,80,6,129,0,0
62471,18,779,17,585,0,0,0,0,0,0,0,0,0,0,0,148,0,36,0,0,0,48,0,86,0,91,0,79,0,113,6,140,0,122,0,100,7,290,10,467,0,22
62474,6,83,6,75,0,0,0,0,0,0,0,0,0,0,0,6,0,0,0,0,0,0,0,7,0,8,0,7,0,17,0,18,0,17,0,0,0,30,0,52,0,0
62521,119,3253,71,1280,45,153,0,10,0,17,0,0,0,0,0,1751,0,39,0,0,0,198,15,456,13,448,9,379,11,525,19,429,18,384,32,430,46,1016,73,2125,0,112
62522,47,1071,21,362,21,90,0,0,0,0,0,0,0,0,0,592,0,19,0,0,6,72,7,173,11,145,9,162,9,161,0,194,0,115,0,49,16,370,31,663,0,38
62526,64,2507,22,1099,29,157,0,7,9,33,0,0,0,0,0,1170,0,40,0,0,9,156,18,377,10,327,11,301,6,341,0,439,0,309,0,257,20,811,44,1575,0,121
62549,7,509,0,343,0,0,0,0,0,0,0,0,0,0,0,153,0,8,0,0,0,35,0,60,0,38,0,59,0,56,0,51,0,69,0,141,0,200,0,287,0,22
62560,8,165,6,101,0,0,0,0,0,0,0,0,0,0,0,57,0,0,0,0,0,13,0,22,0,28,0,18,0,35,0,19,0,26,0,0,0,58,6,104,0,0
62561,10,682,8,401,0,0,0,0,0,14,0,0,0,0,0,263,0,0,0,0,0,55,0,101,0,92,0,108,0,143,0,91,0,73,0,19,0,265,7,405,0,12
62563,8,801,8,425,0,0,0,0,0,6,0,0,0,0,0,364,0,0,0,0,0,74,0,92,0,98,0,96,0,175,0,142,0,90,0,34,0,326,6,469,0,6
62565,14,1091,14,934,0,0,0,0,0,0,0,0,0,0,0,135,0,18,0,0,0,61,0,122,0,129,0,103,0,151,6,143,0,136,0,242,0,303,11,771,0,17
62568,38,1402,29,675,0,8,0,0,0,9,0,0,0,0,7,684,0,24,0,0,0,68,0,119,0,146,8,185,0,195,0,284,8,235,7,170,16,580,22,807,0,15
62613,6,458,6,269,0,0,0,0,0,6,0,0,0,0,0,180,0,0,0,0,0,25,0,46,0,104,0,66,0,63,0,82,0,58,0,14,0,178,0,271,0,9
62615,9,896,9,406,0,7,0,0,0,9,0,0,0,0,0,470,0,0,0,0,0,32,0,137,0,136,0,109,0,137,0,157,0,85,0,103,0,356,0,531,0,9
62618,79,1180,23,464,7,17,0,0,41,287,0,0,0,0,0,358,0,48,0,0,6,124,22,239,20,218,16,187,9,155,6,94,0,92,0,70,35,469,43,643,0,68
62626,12,1370,12,976,0,9,0,0,0,11,0,0,0,0,0,362,0,11,0,0,0,66,0,166,0,169,0,155,0,209,0,197,0,142,0,265,0,420,7,823,0,127
62627,8,150,8,105,0,0,0,0,0,0,0,0,0,0,0,41,0,0,0,0,0,8,0,18,0,19,0,31,0,25,0,31,0,17,0,0,0,43,0,99,0,8
62629,34,2131,30,1151,0,45,0,16,0,25,0,0,0,0,0,865,0,26,0,0,0,200,6,285,8,390,7,332,9,348,0,256,0,164,0,156,14,887,20,1220,0,24
62642,6,204,0,104,0,0,0,0,0,0,0,0,0,0,0,94,0,0,0,0,0,17,0,22,0,40,0,24,0,32,0,41,0,16,0,12,0,70,0,120,0,14
62650,114,3829,69,1708,15,95,0,8,10,34,0,0,0,0,17,1950,0,33,0,0,8,200,19,527,19,487,12,471,20,597,13,594,12,515,11,437,62,1284,47,2088,0,457
62656,16,2680,13,1637,0,32,0,0,0,21,0,0,0,0,0,944,0,43,0,0,0,176,0,345,0,339,0,296,6,381,0,379,0,356,0,408,0,870,13,1724,0,86
62664,11,390,11,269,0,0,0,0,0,0,0,0,0,0,0,113,0,0,0,0,0,25,0,63,0,54,0,33,0,56,0,59,0,37,0,63,7,128,0,247,0,15
62675,16,862,16,535,0,0,0,0,0,8,0,0,0,0,0,305,0,10,0,0,0,50,0,103,0,107,0,91,0,157,0,134,0,117,0,102,10,357,6,490,0,15
62677,6,363,6,200,0,0,0,0,0,0,0,0,0,0,0,157,0,0,0,0,0,22,0,59,0,54,0,53,0,59,0,63,0,29,0,24,0,165,0,190,0,8
62681,12,499,6,302,6,0,0,0,0,14,0,0,0,0,0,171,0,9,0,0,0,26,0,56,0,70,0,66,0,66,0,79,0,59,0,77,6,206,6,270,0,23
62684,73,1054,72,700,0,0,0,0,0,0,0,0,0,0,0,340,0,7,0,0,0,57,0,87,0,106,0,140,6,135,0,136,16,145,39,248,18,433,53,596,0,25
62691,48,355,43,255,0,0,0,0,0,6,0,0,0,0,0,92,0,0,0,0,0,25,7,46,0,37,0,30,0,54,0,55,8,39,27,69,14,119,30,213,0,23
62692,9,268,9,154,0,0,0,0,0,0,0,0,0,0,0,112,0,0,0,0,0,25,0,43,0,33,0,30,0,59,0,36,0,34,0,8,0,111,0,147,0,10
62702,100,6664,49,3468,42,528,0,16,0,74,0,0,0,0,0,2502,0,74,0,0,12,359,19,909,20,938,18,850,13,1174,10,1155,6,678,0,599,31,2502,68,3966,0,196
62703,85,5096,22,1831,59,801,0,6,0,69,0,0,0,0,0,2331,0,56,0,0,7,349,17,774,15,750,12,772,11,911,13,805,8,520,0,214,29,1969,56,2965,0,162
62704,79,6086,43,2784,27,402,0,30,0,70,0,0,0,0,6,2692,0,101,0,0,0,337,17,1004,17,961,13,765,10,941,11,1014,0,721,0,343,29,2409,50,3546,0,131
62707,21,1698,13,1123,8,45,0,0,0,21,0,0,0,0,0,496,0,8,0,0,0,52,0,244,0,216,0,169,0,300,0,400,0,248,0,69,11,1033,10,649,0,16
62711,49,3096,33,1628,0,35,0,18,0,31,0,0,0,0,6,1330,0,52,0,0,0,159,17,335,0,254,0,299,11,422,0,506,0,478,9,641,27,1250,22,1776,0,70
62712,15,1525,12,741,0,26,0,0,0,21,0,0,0,0,0,712,0,19,0,0,0,131,7,201,0,185,6,212,0,305,0,273,0,166,0,52,6,669,9,837,0,19
62801,77,2437,41,1782,14,115,0,0,0,16,0,0,0,0,22,471,0,46,0,0,0,138,11,281,13,364,12,329,19,435,16,444,0,246,0,196,25,991,38,1340,14,106
62808,7,107,0,87,0,0,0,0,0,0,0,0,0,0,0,10,0,7,0,0,0,9,0,16,0,15,0,21,0,20,0,10,0,8,0,8,0,39,0,65,0,0
62812,22,836,10,405,0,0,0,0,0,8,0,0,0,0,10,413,0,9,0,0,11,74,0,77,0,99,0,113,0,126,0,155,0,127,0,65,7,262,6,399,9,175
62832,25,1233,18,489,0,7,0,0,0,13,0,0,0,0,0,720,0,0,0,0,10,144,0,148,0,108,6,174,0,195,0,153,0,138,0,173,13,370,11,789,0,74
62837,10,724,10,614,0,0,0,0,0,0,0,0,0,0,0,100,0,0,0,0,0,46,0,72,0,101,0,73,0,89,0,121,0,111,0,111,0,255,0,443,0,26
62848,7,56,6,45,0,0,0,0,0,0,0,0,0,0,0,8,0,0,0,0,0,0,0,6,0,0,0,10,0,16,0,9,0,7,0,0,0,26,0,29,0,0
62859,7,307,0,239,0,0,0,0,0,0,0,0,0,0,0,61,0,0,0,0,0,31,0,29,0,33,0,40,0,57,0,61,0,28,0,27,0,91,0,200,0,16
62863,22,758,11,97,0,0,0,0,10,0,0,0,0,0,0,661,0,0,0,0,0,71,0,132,7,107,0,94,0,99,0,91,0,56,0,106,18,245,0,447,0,66
62864,91,2170,48,1418,0,76,0,0,0,33,0,0,0,0,41,597,0,39,0,0,6,157,7,276,0,249,6,273,7,307,0,314,11,285,44,306,32,869,57,1210,0,91
62881,8,756,8,617,0,0,0,0,0,0,0,0,0,0,0,113,0,18,0,0,0,49,0,82,0,118,0,100,0,126,0,138,0,91,0,52,0,283,6,462,0,11
62882,15,244,12,192,0,0,0,0,0,0,0,0,0,0,0,40,0,6,0,0,0,17,6,40,0,36,0,42,0,29,0,48,0,22,0,10,7,93,8,145,0,6
62896,13,1071,7,321,0,0,0,0,0,0,0,0,0,0,6,719,0,27,0,0,0,115,0,149,0,142,0,154,0,178,0,170,0,121,0,42,0,300,8,480,0,291
62901,181,3091,52,1104,67,128,0,15,48,102,0,0,0,0,11,1693,0,49,0,8,19,271,61,754,22,473,20,305,15,327,22,315,7,257,15,381,90,1048,89,1462,0,581
62902,23,479,11,170,0,9,0,0,8,20,0,0,0,0,0,278,0,0,0,0,0,28,0,70,0,64,0,62,0,88,7,101,0,48,0,17,14,178,9,206,0,95
62905,6,115,0,43,0,0,0,0,0,37,0,0,0,0,0,33,0,0,0,0,0,7,0,23,0,21,0,9,0,31,0,13,0,7,0,0,0,51,0,50,0,14
62906,100,1220,81,778,0,6,0,0,8,16,0,0,0,0,8,407,0,10,0,0,11,85,9,147,0,147,8,145,8,182,12,168,11,128,36,215,36,492,56,568,8,160
62907,21,209,16,98,0,0,0,0,0,0,0,0,0,0,0,103,0,0,0,0,0,21,0,22,0,29,6,34,7,37,0,20,0,25,0,21,11,72,10,110,0,27
62910,6,160,0,57,0,0,0,0,0,0,0,0,0,0,0,102,0,0,0,0,0,16,0,24,0,19,0,15,0,30,0,34,0,17,0,0,0,58,0,91,0,11
62912,10,106,9,66,0,0,0,0,0,0,0,0,0,0,0,38,0,0,0,0,0,13,0,11,0,20,0,17,0,9,0,16,0,17,0,0,0,45,0,48,0,13
62914,11,424,0,129,10,77,0,0,0,0,0,0,0,0,0,214,0,0,0,0,0,16,0,42,0,30,0,48,0,105,0,87,0,47,0,49,0,153,8,226,0,45
62918,22,1093,14,457,0,0,0,0,0,7,0,0,0,0,7,618,0,0,0,0,0,76,0,127,0,163,0,152,10,170,0,135,0,90,0,180,0,324,11,473,7,296
62920,71,507,34,271,0,0,0,0,27,97,0,0,0,0,9,133,0,6,0,0,6,51,9,64,6,60,8,65,12,95,14,91,11,63,0,18,37,209,28,255,6,43
62939,10,257,9,114,0,0,0,0,0,0,0,0,0,0,0,139,0,0,0,0,0,22,0,24,0,26,0,43,0,33,0,42,0,45,0,22,0,83,0,109,0,65
62946,10,750,8,356,0,0,0,0,0,0,0,0,0,0,0,384,0,0,0,0,0,58,0,90,0,83,0,91,0,129,0,115,0,120,0,64,0,217,0,358,0,175
62948,32,1256,18,372,0,0,0,0,0,0,0,0,0,0,12,859,0,18,0,0,0,86,7,206,6,210,0,157,0,217,0,189,0,123,0,68,8,275,13,515,11,466
62951,13,426,8,145,0,0,0,0,0,0,0,0,0,0,0,274,0,0,0,0,0,31,0,55,0,59,0,56,0,97,0,62,0,45,0,21,6,101,0,179,0,146
62952,15,312,13,195,0,0,0,0,0,0,0,0,0,0,0,115,0,0,0,0,0,23,0,47,0,45,0,51,0,56,0,40,0,35,0,14,0,96,11,166,0,50
62958,6,209,0,97,0,0,0,0,0,0,0,0,0,0,0,106,0,0,0,0,0,12,0,23,0,25,0,29,0,30,0,47,0,30,0,13,0,79,0,94,0,36
62959,66,3413,30,1112,6,18,0,0,0,13,0,0,0,0,27,2233,0,33,0,6,7,183,14,372,0,524,11,456,13,526,8,508,0,452,0,386,20,1178,30,1483,16,752
62960,9,918,6,293,0,11,0,0,0,0,0,0,0,0,0,603,0,8,0,0,0,69,0,86,0,85,0,111,0,143,0,138,0,129,0,156,0,355,0,531,0,32
62964,8,117,0,20,6,23,0,0,0,0,0,0,0,0,0,70,0,0,0,0,0,10,0,11,0,19,0,18,0,21,0,30,0,0,0,0,0,33,0,75,0,9
62966,107,1691,63,775,13,34,0,0,24,51,0,0,0,0,6,815,0,14,0,0,10,171,18,273,24,271,22,235,15,239,12,241,0,176,0,85,54,531,52,786,0,374
62992,58,244,0,49,0,9,0,0,44,52,0,0,0,0,9,129,0,0,0,0,0,9,16,63,18,66,19,59,0,32,0,10,0,0,0,0,49,157,0,49,6,38
62995,10,270,7,125,0,0,0,0,0,6,0,0,0,0,0,128,0,0,0,0,0,9,0,37,0,34,0,48,0,45,0,51,0,31,0,15,0,87,0,147,0,36
